SUSServer,Date,SUSServer,Date,SUSServer,Date,SUSServer,Date,IP,addr,IP,addr,IP,SUSServer,addr,IPList_Id,IPList_Id,addr,Advice,Check_Id,Check_Id,Grade,Type,Grade,Rank,Name,URL,URL,GroupID,GroupName,Detail_Id1,text,Title,UpdateData_Id,ID3,GUID,BulletinID,KBID,Type2,IsInstalled,Severity,RestartRequired,BulletinURL,InformationURL,DownloadURL,OtherIDs_Id,Type3,OtherID_Text,Head_Id1,SETTINGS_Id1,Col_Text,Head_Id2,HasZoneName,custom,Row_Id1,RowRoot_Id,Grade3,SETTINGS_Id2,ID4,Row_Id2,Grade4,SETTINGS_Id3,Detail_Id2
0,41,0,HWL\HILACESA02,HILACESA02,14/09/2015 13:30,14/09/2015 13:30,HWL,172.28.60.15,2,2015-05-12T04:04:01Z,2.1.2112.0,FALSE,,20,TRUE,0,-1407435761,"Some user accounts (1 of 6) have blank or simple passwords, or could not be analyzed.",0,104,5,1,1,1,Local Account Password Test,Help/Check5315.html,Help/Check5315fix.html,,,0,,Security Update for Microsoft Visual C++ 2005 Service Pack 1 Redistributable Package (KB2538242),0,MS11-025,bb49cc19-8847-4986-aa93-5e905421e55a,MS11-025,2538242,1,TRUE,3,FALSE,http://www.microsoft.com/technet/security/bulletin/MS11-025.mspx,http://go.microsoft.com/fwlink/?LinkId=216804,http://download.windowsupdate.com/msdownload/update/software/secu/2011/06/vcredist_x86_b8fab0bb7f62a24ddfe77b19cd9a1451abd7b847.exe,0,CVE,CVE-2006-4685,0,,User,0,,,,0,2,0,1,0,0,,0
,,,,,,,,,,,,,,,,,-1407434994,Computer is running Microsoft Windows Server 2003.,1,10101,4,1,2,15,Windows Version,Help/Check53117.html,,,,1,,Security Update for Microsoft Visual C++ 2008 Service Pack 1 Redistributable Package (KB2538243),1,MS11-025,729a0dcb-df9e-4d02-b603-ed1aee074428,MS11-025,2538243,1,TRUE,3,FALSE,http://www.microsoft.com/technet/security/bulletin/MS11-025.mspx,http://go.microsoft.com/fwlink/?LinkId=216803,http://download.windowsupdate.com/msdownload/update/software/secu/2011/05/vcredist_x86_470640aa4bb7db8e69196b5edb0010933569e98d.exe,1,CVE,CVE-2006-4686,1,,Weak Password,0,,,,,,,,1,0,,0
,,,,,,,,,,,,,,,,,,All hard drives (2) are using the NTFS file system.,2,102,5,1,1,3,File System,Help/Check5313.html,Help/Check5313fix.html,,,2,Accounts with a green check have passwords that do not expire but were specified in NoExpireOk.txt,MSXML 6.0 RTM Security Update  (925673),2,MS06-061,07609d43-d518-4e77-856e-d1b316d1b8a8,MS06-061,925673,1,TRUE,4,FALSE,http://www.microsoft.com/technet/security/bulletin/MS06-061.mspx,http://support.microsoft.com/kb/925673,http://www.download.windowsupdate.com/msdownload/update/v3-19990518/cabpool/msxml6-kb925673-enu-x86_571e99946aa6674ee6a70cf5801682ec323c7ae0.exe,2,,,2,,Locked Out,0,,,,,,,,2,5,,0
,,,,,,,,,,,,,,,,,,Some user accounts (5 of 6) have non-expiring passwords. ,3,106,3,1,1,8,Password Expiration,Help/Check5317.html,Help/Check5317fix.html,,,3,Some or all of the user settings for the following zones are below the recommended level.,Update Rollup 8 for System Center 2012 SP1 - Operations Manager Agent (KB2991997),3,2991997,49e79797-1df7-475c-887f-122ea0c5b1a7,,2991997,3,FALSE,0,FALSE,,http://support.microsoft.com/kb/2991997,http://download.windowsupdate.com/c/msdownload/update/software/uprl/2014/10/kb2991997-i386-agent_3e103f1fc862693ebeebf91d39a47a359474d48b.cab,3,,,3,,Disabled,0,,,,,,,,3,5,,0
,,,,,,,,,,,,,,,,,,The Guest account is disabled on this computer.,4,107,5,1,1,5,Guest Account,Help/Check5318.html,Help/Check5318fix.html,,,4,"Access: F - Full, R - Read, W - Write, D - Delete, X - Execute, C - Change",Security Update for Windows Server 2003 (KB932168),4,MS07-020,d5506431-5201-4cbe-a482-d97d6710ba91,MS07-020,932168,1,TRUE,2,FALSE,http://www.microsoft.com/technet/security/bulletin/MS07-020.mspx,http://go.microsoft.com/fwlink/?LinkID=85164,http://www.download.windowsupdate.com/msdownload/update/v3-19990518/cabpool/windowsserver2003-kb932168-x86-enu_625b655a893a160939efc26243f1e43f5165d0a6.exe,4,,,4,0,GuestHWL,,,,0,,,,,4,5,,0
,,,,,,,,,,,,,,,,,,Autologon is not configured on this computer.,5,110,5,1,1,4,Autologon,Help/Check5319.html,Help/Check5319fix.html,,,5,,Cumulative Security Update for Outlook Express for Windows Server 2003 (KB929123),5,MS07-034,36dab2f4-990f-4ff2-9c68-e4c9935f4105,MS07-034,929123,1,TRUE,1,FALSE,http://www.microsoft.com/technet/security/bulletin/MS07-034.mspx,http://go.microsoft.com/fwlink/?LinkId=88627,http://www.download.windowsupdate.com/msdownload/update/v3-19990518/cabpool/windowsserver2003-kb929123-x86-enu_1dc5f603959926665ddd3a8a7493ad509078e2ed.exe,5,,,5,,Weak,,,,0,,,,,5,5,,0
,,,,,,,,,,,,,,,,,,Computer is properly restricting anonymous access.,6,117,5,1,1,6,Restrict Anonymous,Help/Check53110.html,Help/Check53110fix.html,,,6,The following list of services should only be enabled on computers that require their functionality. Services that are not required should be disabled to reduce the attack surface of the system.,Security Update for Windows Media Player 6.4 (KB925398),6,MS06-078,9fa84699-f763-490a-ad88-a9680de9ff74,MS06-078,925398,1,TRUE,4,FALSE,http://www.microsoft.com/technet/security/bulletin/MS06-078.mspx,http://go.microsoft.com/fwlink/?LinkId=76487,http://www.download.windowsupdate.com/msdownload/update/v3-19990518/cabpool/windowsmedia6-kb925398-v2-x86-enu_c8b7d9a38ecbd2bd8925345d69c53697a285b917.exe,6,,,6,,-,,,,0,,,,,6,5,,1
,,,,,,,,,,,,,,,,,,Internet Explorer zones do not have secure settings for some users.,7,118,2,4,1,10,IE Zones,Help/Check53111.html,Help/Check53111fix.html,,,7,,"Security Update for Microsoft .NET Framework, Version 1.1 Service Pack 1 (KB933854)",7,MS07-040,d3ebd5a9-454d-498a-a432-38919cef0254,MS07-040,933854,1,TRUE,4,FALSE,http://www.microsoft.com/technet/security/bulletin/MS07-040.mspx,http://go.microsoft.com/fwlink/?LinkId=91233,http://www.download.windowsupdate.com/msdownload/update/v3-19990518/cabpool/windowsserver2003-kb933854-x86-enu_44ea0a651ebaee22047eda5a5af9e7b5a51080b8.exe,7,,,7,,Disabled,,,,0,,,,,7,5,,1
,,,,,,,,,,,,,,,,,,The use of Internet Explorer is restricted for administrators on this server.,8,176,5,4,1,12,IE Enhanced Security Configuration for Administrators,Help/Check53176.html,Help/Check53176fix.html,,,8,,Security Update for Windows Server 2003 (KB944653),8,MS07-067,1a61d52c-cfa2-417a-bd93-3c7a248fb05d,MS07-067,944653,1,TRUE,3,FALSE,http://www.microsoft.com/technet/security/bulletin/MS07-067.mspx,http://go.microsoft.com/fwlink/?LinkId=104987,http://www.download.windowsupdate.com/msdownload/update/v3-19990518/cabpool/windowsserver2003-kb944653-x86-enu_c535f7ca15ef8bbac7d7bbcf5bedda1a76fafd77.exe,8,,,,,SUPPORT_388945a0,,,,1,,,,,8,3,,2
,,,,,,,,,,,,,,,,,,The use of Internet Explorer is restricted for non-administrators on this server.,9,177,5,4,1,12,IE Enhanced Security Configuration for Non-Administrators,Help/Check53177.html,Help/Check53177fix.html,,,9,,Security Update for Windows Server 2003 (KB941569),9,MS07-068,b84407ba-00a3-4fb2-8c8b-a9c17beac302,MS07-068,941569,1,TRUE,4,FALSE,http://www.microsoft.com/technet/security/bulletin/MS07-068.mspx,http://go.microsoft.com/fwlink/?LinkId=99075,http://www.download.windowsupdate.com/msdownload/update/v3-19990518/cabpool/windowsserver2003-kb941569-x86-enu_59d158cb9faa84cb039e25ec0b0d5ac9c0a3172a.exe,9,,,,,-,,,,1,,,,,9,3,,2
,,,,,,,,,,,,,,,,,,Logon Success and Logon Failure auditing are both enabled.,10,10119,4,1,2,12,Auditing,Help/Check53114.html,,,,10,,Security Update for Windows Server 2003 (KB946026),10,MS08-007,43aa8322-6a3c-4883-943e-29236f43e9d0,MS08-007,946026,1,TRUE,3,FALSE,http://www.microsoft.com/technet/security/bulletin/MS08-007.mspx,http://go.microsoft.com/fwlink/?LinkId=107349,http://www.download.windowsupdate.com/msdownload/update/software/secu/2008/02/windowsserver2003-kb946026-x86-enu_e61a1830c2e2c6ebda683a01f1b2f69afa774fc9.exe,10,,,,,-,,,,1,,,,,10,3,,2
,,,,,,,,,,,,,,,,,,4 share(s) are present on your computer. ,11,121,4,1,2,14,Shares,Help/Check53115.html,Help/Check53115fix.html,,,0,,Windows Internet Explorer 7 for Windows Server 2003,11,940767,597fc574-c938-4c75-ba99-332705631b68,,940767,3,FALSE,0,FALSE,,http://go.microsoft.com/fwlink/?LinkId=71727,http://www.download.windowsupdate.com/msdownload/update/software/uprl/2008/02/ie7-windowsserver2003-x86-enu_9b2c08067fc5f9cf6706ef0df80dd40720b5b3d7.exe,11,,,,,Disabled,,,,1,,,,,11,3,,2
,,,,,,,,,,,,,,,,,,More than 2 Administrators were found on this computer.,12,122,3,1,1,7,Administrators,Help/Check5316.html,Help/Check5316fix.html,,,0,,Windows Server 2003 Service Pack 2 (32-bit x86),12,914961,9452503c-05be-4a64-99ed-9a59f7d65398,,914961,2,TRUE,0,FALSE,,http://www.microsoft.com/technet/windowsserver/sp2.mspx,http://www.download.windowsupdate.com/msdownload/update/software/dflt/2008/02/windowsserver2003-kb914961-sp2-x86-enu_51e1759a1fda6cd588660324abaed59dd3bbe86b.exe,12,,,,,CheckNTP,,,,2,,,,,12,3,,2
,,,,,,,,,,,,,,,,,,No supported Microsoft Office products are installed.,13,10124,6,4,1,11,Macro Security,,,,,0,,Security Update for Windows Server 2003 (KB950762),13,MS08-036,de7e4a92-a2e8-4599-92a4-2e6ee83cb190,MS08-036,950762,1,TRUE,3,FALSE,http://www.microsoft.com/technet/security/bulletin/MS08-036.mspx,http://go.microsoft.com/fwlink/?LinkId=117297,http://www.download.windowsupdate.com/msdownload/update/software/secu/2008/05/windowsserver2003-kb950762-x86-enu_7bd6217633e3ea351ba4d37bef12a2e4e83f6828.exe,13,,,,,-,,,,2,,,,,13,5,,2
,,,,,,,,,,,,,,,,,,Some potentially unnecessary services are installed.,14,123,4,1,2,13,Services,Help/Check53116.html,Help/Check53116fix.html,,,0,,Security Update for Windows Server 2003 (KB952954),14,MS08-046,e8a49607-7f8e-47cb-a487-a7465b733a7d,MS08-046,952954,1,TRUE,4,FALSE,http://www.microsoft.com/technet/security/bulletin/MS08-046.mspx,http://go.microsoft.com/fwlink/?LinkID=120576,http://www.download.windowsupdate.com/msdownload/update/software/secu/2008/07/windowsserver2003-kb952954-x86-enu_74b5fcde7dac1ba40f6a354f68b48c0c3aa7aed2.exe,14,,,,,-,,,,2,,,,,14,2,0,
,,,,,,,,,,,,,,,,,,"Windows Firewall is not installed or configured properly, or is not available on this version of Windows.",15,10178,4,1,1,9,Windows Firewall,,,,,0,,Security Update for Windows Server 2003 (KB950974),15,MS08-049,7f5706e9-e27c-4a33-b55b-049f44d0b76c,MS08-049,950974,1,TRUE,3,FALSE,http://www.microsoft.com/technet/security/bulletin/MS08-049.mspx,http://go.microsoft.com/fwlink/?LinkId=104923,http://www.download.windowsupdate.com/msdownload/update/software/secu/2008/05/windowsserver2003-kb950974-x86-enu_5fade4aa44fc891306ddb5bbfd725728df36f932.exe,15,,,,,-,,,,2,,,,,15,2,0,
,,,,,,,,,,,,,,,,,,The Automatic Updates feature is disabled on this computer.,16,179,3,1,1,10,Automatic Updates,Help/Check53178.html,Help/Check53178fix.html,,,0,,Microsoft .NET Framework 2.0 Service Pack 1 (KB110806) (x86),16,110806,5d2787cb-bcb5-439d-b734-3e6f1b21b2dd,,110806,2,TRUE,0,FALSE,,http://go.microsoft.com/fwlink/?LinkId=104655,http://www.download.windowsupdate.com/msdownload/update/software/svpk/2008/01/netfx20sp1_x86_eef5a36924cdf0c02598ccf96aa4f60887a49840.exe,16,,,,,VirusScanService,,,,3,,,,,16,2,0,
,,,,,,,,,,,,,,,,,,No incomplete software update installations were found.,17,10180,4,1,1,10,Incomplete Updates,Help/Check5340.html,,,,0,,Security Update for Windows Server 2003 (KB952069),17,MS08-076,6485e5a2-7b05-4c94-b3c9-fdd7c0797089,MS08-076,952069,1,TRUE,3,FALSE,http://www.microsoft.com/technet/security/bulletin/MS08-076.mspx,http://go.microsoft.com/fwlink/?LinkId=125419,http://download.windowsupdate.com/msdownload/update/software/secu/2008/12/windowsserver2003-kb952069-x86-enu_eccaac25b009ffe40d6774cc4d30de458030263d.exe,17,,,,,-,,,,3,,,,,17,2,0,
,,,,,,,,,,,,,,,,,,SQL Server and/or MSDE is not installed on this computer.,18,10219,6,2,4,0,SQL Server/MSDE Status,,,,,0,,Security Update for Windows Server 2003 (KB925902),18,MS07-017,22f89667-3f0c-4621-ad0c-2d5a4a69e6e5,MS07-017,925902,1,TRUE,4,FALSE,http://www.microsoft.com/technet/security/bulletin/MS07-017.mspx,http://go.microsoft.com/fwlink/?LinkId=84687,http://download.windowsupdate.com/msdownload/update/software/secu/2008/11/windowsserver2003-kb925902-v2-x86-custom-enu_b4cb4db21d24bc1042dfe24944962039ff0e1ab3.exe,18,,,,,-,,,,3,,,,,18,2,0,
,,,,,,,,,,,,,,,,,,IIS is not running on this computer.,19,10314,6,3,4,1,IIS Status,,,,,0,,Security Update for Windows Server 2003 (KB956572),19,MS09-012,a63ac02d-f827-4274-9c30-8393381f2d5e,MS09-012,956572,1,TRUE,3,FALSE,http://www.microsoft.com/technet/security/bulletin/MS09-012.mspx,http://go.microsoft.com/fwlink/?LinkId=132587,http://download.windowsupdate.com/msdownload/update/software/secu/2009/03/windowsserver2003-kb956572-x86-enu_0374cf6ceb272b04d295e274153e29d0e8159c9d.exe,19,,,,,-,,,,3,,,,,19,2,0,
,,,,,,,,,,,,,,,,,,No security updates are missing.,20,500,5,5,1,1,"Developer Tools, Runtimes, and Redistributables Security Updates",Help/Check5311.html,Help/Check5311fix.html,48ce8c86-6850-4f68-8e9d-7dc8535ced60,"Developer Tools, Runtimes, and Redistributables",0,,Security Update for Windows Server 2003 (KB952004),20,MS09-012,2a382f96-3f11-465d-9123-2c9e8569f4f0,MS09-012,952004,1,TRUE,3,FALSE,http://www.microsoft.com/technet/security/bulletin/MS09-012.mspx,http://go.microsoft.com/fwlink/?LinkId=132587,http://download.windowsupdate.com/msdownload/update/software/secu/2008/11/windowsserver2003-kb952004-x86-enu_a21ae7e539f5b95e5a0189920919a73b848a7f5a.exe,20,,,,,bentservice,,,,4,,,,,20,2,0,
,,,,,,,,,,,,,,,,,,No security updates are missing.,21,500,5,5,1,1,SQL Server Security Updates,Help/Check5311.html,Help/Check5311fix.html,0a4c6c73-8887-4d7f-9cbe-d08fa8fa9d1e,SQL Server,0,,Security Update for Windows Server 2003 (KB960803),21,MS09-013,4ac48e96-cac1-43a0-a87d-c9fceae6f0b7,MS09-013,960803,1,TRUE,4,FALSE,http://www.microsoft.com/technet/security/bulletin/MS09-013.mspx,http://go.microsoft.com/fwlink/?LinkID=139852,http://download.windowsupdate.com/msdownload/update/software/secu/2009/03/windowsserver2003-kb960803-x86-enu_f45b6d73e5cf234dddd17339766e63e96fbd8ae0.exe,21,,,,,-,,,,4,,,,,21,2,0,
,,,,,,,,,,,,,,,,,,1 service packs or update rollups are missing.,22,500,3,5,1,1,System Center Security Updates,Help/Check5311.html,Help/Check5311fix.html,26a5d0a5-b108-46f1-93fa-f2a9cf10d029,System Center,0,,Security Update for Windows Server 2003 (KB959426),22,MS09-015,050039be-09c7-442f-b27d-ecc41e6f7d6e,MS09-015,959426,1,TRUE,2,FALSE,http://www.microsoft.com/technet/security/bulletin/MS09-015.mspx,http://go.microsoft.com/fwlink/?LinkId=146803,http://download.windowsupdate.com/msdownload/update/software/secu/2009/03/windowsserver2003-kb959426-x86-enu_fc4b7de9e7d28143301f458cd5e67165a57cf7f7.exe,22,,,,,-,,,,4,,,,,22,2,0,
,,,,,,,,,,,,,,,,,,39 security updates are missing. 4 service packs or update rollups are missing.,23,500,2,5,1,1,Windows Security Updates,Help/Check5311.html,Help/Check5311fix.html,6964aab4-c5b5-43bd-a17d-ffb4346a8e1d,Windows,0,,Security Update for Windows Server 2003 (KB923561),23,MS09-010,9bc08715-a16a-4150-9ccf-d303a0461678,MS09-010,923561,1,TRUE,3,FALSE,http://www.microsoft.com/technet/security/bulletin/MS09-010.mspx,http://go.microsoft.com/fwlink/?LinkID=139849,http://download.windowsupdate.com/msdownload/update/software/secu/2009/04/windowsserver2003-kb923561-x86-enu_6a2b494db6b2246388d534bd84ad5dba32eb560b.exe,23,,,,,-,,,,4,,,,,23,2,0,
,,,,,,,,,,,,,,,,,,,,,,,,,,,,,,,,Security Update for Windows Server 2003 (KB971032),24,MS09-040,6d4a0cb0-3f0a-4a35-92fa-fd6a94cd8577,MS09-040,971032,1,TRUE,3,FALSE,http://www.microsoft.com/technet/security/bulletin/MS09-040.mspx,http://go.microsoft.com/fwlink/?LinkId=155979,http://download.windowsupdate.com/msdownload/update/software/secu/2009/07/windowsserver2003-kb971032-x86-enu_eb464fc452ea3175c257cadca9c1b96a64c2b858.exe,24,,,,,hwladmin,,,,5,,,,,24,2,0,
,,,,,,,,,,,,,,,,,,,,,,,,,,,,,,,,Security Update for Windows Server 2003 (KB973540),25,MS09-037,c896fbdd-74a2-441b-b50b-0c4cf7857700,MS09-037,973540,1,TRUE,4,FALSE,http://www.microsoft.com/technet/security/bulletin/MS09-037.mspx,http://go.microsoft.com/fwlink/?LinkId=158695,http://download.windowsupdate.com/msdownload/update/software/secu/2009/07/windowsserver2003-kb973540-x86-enu_116f9b589f91de8c43c3075b85c0f1e57dd4be8c.exe,25,,,,,-,,,,5,,,,,25,2,0,
,,,,,,,,,,,,,,,,,,,,,,,,,,,,,,,,Security Update for Windows Server 2003 (KB973869),26,MS09-037,eb438a73-173b-42c7-b554-4c68833c7d14,MS09-037,973869,1,TRUE,4,FALSE,http://www.microsoft.com/technet/security/bulletin/MS09-037.mspx,http://go.microsoft.com/fwlink/?LinkId=158695,http://download.windowsupdate.com/msdownload/update/software/secu/2009/08/windowsserver2003-kb973869-x86-enu_3673f6d13c5715abbaef622993ab329e4c1d36a0.exe,26,,,,,-,,,,5,,,,,26,2,0,
,,,,,,,,,,,,,,,,,,,,,,,,,,,,,,,,Security Update for Windows Server 2003 (KB958469),27,MS09-044,69504cb3-a60c-4d2d-a4ee-5306a477e5e6,MS09-044,958469,1,TRUE,4,FALSE,http://www.microsoft.com/technet/security/bulletin/MS09-044.mspx,http://go.microsoft.com/fwlink/?LinkID=157861,http://download.windowsupdate.com/msdownload/update/software/secu/2009/07/windowsserver2003-kb958469-x86-enu_f5012348d3686b222f442dd7f6dcc55c94b7440a.exe,27,,,,,-,,,,5,,,,,27,2,0,
,,,,,,,,,,,,,,,,,,,,,,,,,,,,,,,,Security Update for Windows Server 2003 (KB973507),28,MS09-037,6bc29964-8991-453b-a4e7-2aa688a1e94a,MS09-037,973507,1,TRUE,4,FALSE,http://www.microsoft.com/technet/security/bulletin/MS09-037.mspx,http://go.microsoft.com/fwlink/?LinkId=158695,http://download.windowsupdate.com/msdownload/update/software/secu/2009/07/windowsserver2003-kb973507-x86-enu_2d3da9a00d3da7d28b24b768168b258a2db25001.exe,28,,,,,Drive Letter,1,,,,,,,,28,2,0,
,,,,,,,,,,,,,,,,,,,,,,,,,,,,,,,,Security Update for Windows Server 2003 (KB960859),29,MS09-042,c6c5daa4-1aeb-409d-b5d2-fe71e3012b5e,MS09-042,960859,1,TRUE,3,FALSE,http://www.microsoft.com/technet/security/bulletin/MS09-042.mspx,http://go.microsoft.com/fwlink/?LinkId=157140,http://download.windowsupdate.com/msdownload/update/software/secu/2009/07/windowsserver2003-kb960859-x86-enu_5bcdb68ab970ad24b76461d466893615a6795aa5.exe,29,,,,,File System,1,,,,,,,,29,2,0,
,,,,,,,,,,,,,,,,,,,,,,,,,,,,,,,,Security Update for Windows Server 2003 (KB973815),30,MS09-037,62c31b2c-bc81-4c7c-bf4f-6d75c3fef5c5,MS09-037,973815,1,TRUE,4,FALSE,http://www.microsoft.com/technet/security/bulletin/MS09-037.mspx,http://go.microsoft.com/fwlink/?LinkId=158695,http://download.windowsupdate.com/msdownload/update/software/secu/2009/08/windowsserver2003-kb973815-x86-enu_606124c5bf0341bef494034b5820eb96786b45e3.exe,30,,,,,C:,,,,6,,,,,30,2,0,
,,,,,,,,,,,,,,,,,,,,,,,,,,,,,,,,Security Update for Windows Server 2003 (KB971657),31,MS09-041,901cc533-eee0-493a-812c-b9104ac311aa,MS09-041,971657,1,TRUE,3,FALSE,http://www.microsoft.com/technet/security/bulletin/MS09-041.mspx,http://go.microsoft.com/fwlink/?LinkId=155977,http://download.windowsupdate.com/msdownload/update/software/secu/2009/07/windowsserver2003-kb971657-x86-enu_e6fe894a7b5d49759cd1af5fed0668c85783a7b7.exe,31,,,,,NTFS,,,,6,,,,,31,2,0,
,,,,,,,,,,,,,,,,,,,,,,,,,,,,,,,,Internet Explorer 8 for Windows Server 2003,32,944036,9d460da0-8983-4bb4-a839-df88e5777488,,944036,3,FALSE,0,FALSE,,http://go.microsoft.com/fwlink/?LinkId=71727,http://download.windowsupdate.com/msdownload/update/software/uprl/2009/08/ie8-windowsserver2003-x86-enu_21da0baed38a94868cea572438bb31ab933c1f52.exe,32,,,,,D:,,,,7,,,,,32,2,0,
,,,,,,,,,,,,,,,,,,,,,,,,,,,,,,,,Security Update for Windows Server 2003 (KB956844),33,MS09-046,aa73e543-51d9-4ffc-a7bd-c17e5afc6a89,MS09-046,956844,1,TRUE,2,FALSE,http://www.microsoft.com/technet/security/bulletin/MS09-046.mspx,http://go.microsoft.com/fwlink/?LinkID=158009,http://download.windowsupdate.com/msdownload/update/software/secu/2009/08/windowsserver2003-kb956844-x86-enu_cef55a0f6292ff278b2c61692488ee7ba6861cf9.exe,33,,,,,NTFS,,,,7,,,,,33,2,0,
,,,,,,,,,,,,,,,,,,,,,,,,,,,,,,,,Security Update for Windows Server 2003 (KB967723),34,MS09-048,f6628171-c942-42cb-8c3f-82cd8ef4fe5d,MS09-048,967723,1,TRUE,3,FALSE,http://www.microsoft.com/technet/security/bulletin/MS09-048.mspx,http://go.microsoft.com/fwlink/?LinkId=155978,http://download.windowsupdate.com/msdownload/update/software/secu/2009/08/windowsserver2003-kb967723-x86-enu_e4016e0fe84b55c83bbd3ac8d9360eb5c102dbef.exe,34,,,,,User,2,,,,,,,,34,1,,4
,,,,,,,,,,,,,,,,,,,,,,,,,,,,,,,,Security Update for Windows Media Format Runtime 9.5 for Windows Server 2003 (KB954155),35,MS09-051,68d1601c-3647-403d-8c70-8d23cbe795e3,MS09-051,954155,1,TRUE,4,FALSE,http://www.microsoft.com/technet/security/bulletin/MS09-051.mspx,http://go.microsoft.com/fwlink/?LinkId=125438,http://download.windowsupdate.com/msdownload/update/software/secu/2009/09/windowsserver2003-kb954155-x86-enu_3f7c8db948f70f770bea3e48c5aaa4de299d1524.exe,35,,,,,CheckNTP,,,,8,,,,,35,4,,4
,,,,,,,,,,,,,,,,,,,,,,,,,,,,,,,,Security Update for Windows Server 2003 (KB975025),36,MS09-051,886ad0cb-7317-46c8-8187-2516726bed56,MS09-051,975025,1,TRUE,4,FALSE,http://www.microsoft.com/technet/security/bulletin/MS09-051.mspx,http://go.microsoft.com/fwlink/?LinkId=125438,http://download.windowsupdate.com/msdownload/update/software/secu/2009/09/windowsserver2003-kb975025-x86-enu_bf83b5589d6430c621ffa1f8586b45d22f7d5cfc.exe,36,,,,,GuestHWL,,,,9,,,,,36,4,,4
,,,,,,,,,,,,,,,,,,,,,,,,,,,,,,,,Security Update for Windows Server 2003 (KB974571),37,MS09-056,3c681237-259e-48c4-a646-f67443db4e97,MS09-056,974571,1,TRUE,3,FALSE,http://www.microsoft.com/technet/security/bulletin/MS09-056.mspx,http://go.microsoft.com/fwlink/?LinkID=163830,http://download.windowsupdate.com/msdownload/update/software/secu/2009/09/windowsserver2003-kb974571-x86-enu_aa20f7cde8c64ec0ddb784fc623f471918d75ab3.exe,37,,,,,VirusScanService,,,,10,,,,,37,4,,4
,,,,,,,,,,,,,,,,,,,,,,,,,,,,,,,,Security Update for Windows Server 2003 (KB974112),38,MS09-052,4f4ef862-1263-4572-9c49-39155c2122df,MS09-052,974112,1,TRUE,4,FALSE,http://www.microsoft.com/technet/security/bulletin/MS09-052.mspx,http://go.microsoft.com/fwlink/?LinkId=163913,http://download.windowsupdate.com/msdownload/update/software/secu/2009/09/windowsserver2003-kb974112-x86-enu_5c7bf54e1a088db171808236da5e8a8931a555de.exe,38,,,,,bentservice,,,,11,,,,,38,3,,5
,,,,,,,,,,,,,,,,,,,,,,,,,,,,,,,,Security Update for Windows Server 2003 (KB969059),39,MS09-057,92fe7e5a-bdaa-46be-aec5-f04f191f56af,MS09-057,969059,1,TRUE,3,FALSE,http://www.microsoft.com/technet/security/bulletin/MS09-057.mspx,http://go.microsoft.com/fwlink/?LinkID=163832,http://download.windowsupdate.com/msdownload/update/software/secu/2009/09/windowsserver2003-kb969059-x86-enu_1631c387d7b90bdb97d7fbd495150592965b835e.exe,39,,,,,hwladmin,,,,12,,,,,39,3,,5
,,,,,,,,,,,,,,,,,,,,,,,,,,,,,,,,"Microsoft .NET Framework 2.0 Service Pack 1 Security Update for Windows 2000, Windows Server 2003, and Windows XP (KB953300)",40,MS09-061,e3047752-64d6-4c4c-ae8c-c7f939d5128a,MS09-061,953300,1,FALSE,4,FALSE,http://www.microsoft.com/technet/security/bulletin/MS09-061.mspx,http://go.microsoft.com/fwlink/?LinkId=127837,http://download.windowsupdate.com/msdownload/update/software/secu/2009/08/ndp20sp1-kb953300-v2-x86_b19b1a3f0ff00153e0ee2a71f6707803ef482046.exe,40,,,,,SUPPORT_388945a0,,,,13,,,,,40,3,,5
,,,,,,,,,,,,,,,,,,,,,,,,,,,,,,,,Security Update for Windows Server 2003 (KB974318),41,MS09-071,1e3a5101-3621-458b-b208-5ed11473efff,MS09-071,974318,1,TRUE,3,FALSE,http://www.microsoft.com/technet/security/bulletin/MS09-071.mspx,http://go.microsoft.com/fwlink/?LinkID=177727,http://download.windowsupdate.com/msdownload/update/software/secu/2009/11/windowsserver2003-kb974318-x86-enu_eddf08b15b88d06bcff936ed0b5ac6727911d0f3.exe,41,,,,,User,3,,,,,,,,41,3,,5
,,,,,,,,,,,,,,,,,,,,,,,,,,,,,,,,Security Update for Windows Server 2003 (KB974392),42,MS09-069,e4eeb9ac-41cb-4627-a07b-2a269a9fc888,MS09-069,974392,1,TRUE,3,FALSE,http://www.microsoft.com/technet/security/bulletin/MS09-069.mspx,http://go.microsoft.com/fwlink/?LinkId=177555,http://download.windowsupdate.com/msdownload/update/software/secu/2009/11/windowsserver2003-kb974392-x86-enu_643c62dfab9df7a56cd57affd898c2c8ca3e4218.exe,42,,,,,Zone,3,,,,,,,,42,4,,6
,,,,,,,,,,,,,,,,,,,,,,,,,,,,,,,,Security Update for Windows Server 2003 (KB973904),43,MS09-073,a1a86a76-447a-4532-bcae-c5571cd7c16e,MS09-073,973904,1,TRUE,3,FALSE,http://www.microsoft.com/technet/security/bulletin/MS09-073.mspx,http://go.microsoft.com/fwlink/?LinkID=163833,http://download.windowsupdate.com/msdownload/update/software/secu/2009/11/windowsserver2003-kb973904-x86-enu_75915ea987919e08ea050a775677a33de3829073.exe,43,,,,,Level,3,,,,,,,,,,,
,,,,,,,,,,,,,,,,,,,,,,,,,,,,,,,,Security Update for Windows Server 2003 (KB972270),44,MS10-001,61f42e89-eb6d-48d3-85c5-5ee03f2b5639,MS10-001,972270,1,TRUE,1,FALSE,http://www.microsoft.com/technet/security/bulletin/MS10-001.mspx,http://go.microsoft.com/fwlink/?LinkId=169348,http://download.windowsupdate.com/msdownload/update/software/secu/2009/11/windowsserver2003-kb972270-x86-enu_f5c51598d9756a4ad36a6367bb80c074436cbf74.exe,44,,,,,Recommended Level,3,,,,,,,,,,,
,,,,,,,,,,,,,,,,,,,,,,,,,,,,,,,,Security Update for Windows Server 2003 (KB975713),45,MS10-007,aa3a5904-d7c4-4508-a6e4-872de6ab1cc4,MS10-007,975713,1,TRUE,4,FALSE,http://www.microsoft.com/technet/security/bulletin/MS10-007.mspx,http://go.microsoft.com/fwlink/?LinkID=179067,http://download.windowsupdate.com/msdownload/update/software/secu/2010/01/windowsserver2003-kb975713-x86-enu_a1ea0c67a08b6abe3931f949688298f6be0e3c59.exe,45,,,,,HILACESA02\hwladmin,,,,,0,,,,,,,
,,,,,,,,,,,,,,,,,,,,,,,,,,,,,,,,Security Update for Windows Server 2003 (KB975560),46,MS10-013,b2aa2238-79f1-49c5-b491-26eecffc6679,MS10-013,975560,1,TRUE,4,FALSE,http://www.microsoft.com/technet/security/bulletin/MS10-013.mspx,http://go.microsoft.com/fwlink/?LinkId=167321,http://download.windowsupdate.com/msdownload/update/software/secu/2010/01/windowsserver2003-kb975560-x86-enu_4db4bfe7c1574f3679c97a1fd12ca3c0745da583.exe,46,,,,,Internet,,TRUE,,,0,,,,,,,
,,,,,,,,,,,,,,,,,,,,,,,,,,,,,,,,Security Update for Windows Server 2003 (KB977914),47,MS10-013,2e242095-d871-482c-af1e-c8f15f5d2790,MS10-013,977914,1,TRUE,4,FALSE,http://www.microsoft.com/technet/security/bulletin/MS10-013.mspx,http://go.microsoft.com/fwlink/?LinkId=167321,http://download.windowsupdate.com/msdownload/update/software/secu/2010/01/windowsserver2003-kb977914-x86-enu_961941f911abad3d7a28a876b7d2afcca743c52e.exe,47,,,,,Custom,,,TRUE,,0,,,,,,,
,,,,,,,,,,,,,,,,,,,,,,,,,,,,,,,,Security Update for Windows Server 2003 (KB978706),48,MS10-005,b034c2b1-692b-447b-ab1f-41a508b256f2,MS10-005,978706,1,TRUE,2,FALSE,http://www.microsoft.com/technet/security/bulletin/MS10-005.mspx,http://go.microsoft.com/fwlink/?LinkId=180620,http://download.windowsupdate.com/msdownload/update/software/secu/2010/01/windowsserver2003-kb978706-x86-enu_8f3ca920a4d6bb39effec9b9df801db041e589ef.exe,48,,,,,High,,,,,0,,,,,,,
,,,,,,,,,,,,,,,,,,,,,,,,,,,,,,,,Security Update for Windows Server 2003 (KB980232),49,MS10-020,bfccb5b7-edf2-42a2-ab19-f9757fb4c9a1,MS10-020,980232,1,TRUE,4,FALSE,http://www.microsoft.com/technet/security/bulletin/MS10-020.mspx,http://go.microsoft.com/fwlink/?LinkId=184663,http://download.windowsupdate.com/msdownload/update/software/secu/2010/03/windowsserver2003-kb980232-x86-enu_632552850d4774817c9d8a0f31d061078eb5642c.exe,49,,,,,Setting,4,,,,,,,,,,,
,,,,,,,,,,,,,,,,,,,,,,,,,,,,,,,,Security Update for Windows Server 2003 (KB977816),50,MS10-026,b355c7b7-d942-4a82-93b8-422b4d015fbd,MS10-026,977816,1,TRUE,4,FALSE,http://www.microsoft.com/technet/security/bulletin/MS10-026.mspx,http://go.microsoft.com/fwlink/?LinkId=184752,http://download.windowsupdate.com/msdownload/update/software/secu/2010/03/windowsserver2003-kb977816-x86-enu_2d4d363e8f9c91933f2393a92ab0be618e331392.exe,50,,,,,Current,4,,,,,,,,,,,
,,,,,,,,,,,,,,,,,,,,,,,,,,,,,,,,Security Update for Windows Server 2003 (KB979309),51,MS10-019,47192b4e-c6f4-4c26-b11c-f08e36e8e91a,MS10-019,979309,1,TRUE,4,FALSE,http://www.microsoft.com/technet/security/bulletin/MS10-019.mspx,http://go.microsoft.com/fwlink/?LinkId=184933,http://download.windowsupdate.com/msdownload/update/software/secu/2010/03/windowsserver2003-kb979309-x86-enu_318f9b7a5d0e2faec4e95835a23b519ce22e8b7d.exe,51,,,,,Recommended,4,,,,,,,,,,,
,,,,,,,,,,,,,,,,,,,,,,,,,,,,,,,,Security Update for Windows Server 2003 (KB978338),52,MS10-029,cf3b6409-ebe7-462b-89be-cf0f9754139f,MS10-029,978338,1,TRUE,2,FALSE,http://www.microsoft.com/technet/security/bulletin/MS10-029.mspx,http://go.microsoft.com/fwlink/?LinkId=179056,http://download.windowsupdate.com/msdownload/update/software/secu/2010/03/windowsserver2003-kb978338-x86-enu_fa9f4909f133aae43c3bdf01fbd7c1caf0a50dfb.exe,52,,,,,Run components not signed with Authenticode,,,,14,,,,,,,,
,,,,,,,,,,,,,,,,,,,,,,,,,,,,,,,,Security Update for Windows Server 2003 (KB978542),53,MS10-030,d5f76fff-ac16-4460-99fe-fb8334f65970,MS10-030,978542,1,TRUE,4,FALSE,http://www.microsoft.com/technet/security/bulletin/MS10-030.mspx,http://go.microsoft.com/fwlink/?LinkID=188377,http://download.windowsupdate.com/msdownload/update/software/secu/2010/04/windowsserver2003-kb978542-x86-enu_100d1208544395fb39a688b6373c520f90254af6.exe,53,,,,,Enable,,,,14,,,,,,,,
,,,,,,,,,,,,,,,,,,,,,,,,,,,,,,,,Security Update for Windows Media Format Runtime 9.5 for Windows Server 2003 (KB978695),54,MS10-033,4ce4f94e-ba48-4575-9bee-acc3cf0a4c3b,MS10-033,978695,1,TRUE,4,FALSE,http://www.microsoft.com/technet/security/bulletin/MS10-033.mspx,http://go.microsoft.com/fwlink/?LinkId=191065,http://download.windowsupdate.com/msdownload/update/software/secu/2010/05/windowsserver2003-kb978695-x86-enu_a2bd6e0ca906b9e0c73f47bf28ef2c6c00dc6115.exe,54,,,,,Disable,,,,14,,,,,,,,
,,,,,,,,,,,,,,,,,,,,,,,,,,,,,,,,Security Update for Windows Server 2003 (KB979482),55,MS10-033,2dd02da1-81b2-4d97-a5a3-829908cf55eb,MS10-033,979482,1,TRUE,4,FALSE,http://www.microsoft.com/technet/security/bulletin/MS10-033.mspx,http://go.microsoft.com/fwlink/?LinkId=191065,http://download.windowsupdate.com/msdownload/update/software/secu/2010/05/windowsserver2003-kb979482-x86-enu_7168d27f2a3949b83a494d724b05812ac559a24c.exe,55,,,,,Run components signed with Authenticode,,,,15,,,,,,,,
,,,,,,,,,,,,,,,,,,,,,,,,,,,,,,,,Microsoft .NET Framework 1.1 SP1 Security Update for Windows Server 2003 x86 and Windows Server 2003 R2 x86 (KB979907),56,MS10-041,313453c6-063e-49ef-b89a-bf71cba3e120,MS10-041,979907,1,TRUE,3,FALSE,http://www.microsoft.com/technet/security/bulletin/MS10-041.mspx,http://go.microsoft.com/fwlink/?LinkId=185334,http://download.windowsupdate.com/msdownload/update/software/secu/2010/04/windowsserver2003-kb979907-x86-enu_a1fa5fe6f871f047fb2f3d1e4057e811d92593a2.exe,56,,,,,Enable,,,,15,,,,,,,,
,,,,,,,,,,,,,,,,,,,,,,,,,,,,,,,,Security Update for Windows Server 2003 (KB2229593),57,MS10-042,9073cf51-43b0-4baf-a468-fdd1e5029170,MS10-042,2229593,1,TRUE,1,FALSE,http://www.microsoft.com/technet/security/bulletin/MS10-042.mspx,http://go.microsoft.com/fwlink/?LinkId=194729,http://download.windowsupdate.com/msdownload/update/software/secu/2010/06/windowsserver2003-kb2229593-x86-enu_fa2f619ab2c59715e80115b502fc5e8d13cccb76.exe,57,,,,,Disable,,,,15,,,,,,,,
,,,,,,,,,,,,,,,,,,,,,,,,,,,,,,,,Security Update for Windows Server 2003 (KB2115168),58,MS10-052,9b14ac82-a6f8-407f-b457-c9d22851daf0,MS10-052,2115168,1,TRUE,4,FALSE,http://www.microsoft.com/technet/security/bulletin/MS10-052.mspx,http://go.microsoft.com/fwlink/?LinkId=194432,http://download.windowsupdate.com/msdownload/update/software/secu/2010/07/windowsserver2003-kb2115168-x86-enu_91332b25fed8bdd262888108f82ea1a771fb2d9c.exe,58,,,,,Download signed ActiveX controls,,,,16,,,,,,,,
,,,,,,,,,,,,,,,,,,,,,,,,,,,,,,,,Security Update for Windows Server 2003 (KB975558),59,MS10-062,7d6c88c1-12c9-4117-aa76-c45fa9a5b64e,MS10-062,975558,1,TRUE,4,FALSE,http://www.microsoft.com/technet/security/bulletin/MS10-062.mspx,http://go.microsoft.com/fwlink/?LinkId=190884,http://download.windowsupdate.com/msdownload/update/software/secu/2010/08/windows2003-sp2-windowsmedia-kb975558-x86-enu_13e40f38427a55952359bfc5f52b5841ce1b46ba.exe,59,,,,,Prompt,,,,16,,,,,,,,
,,,,,,,,,,,,,,,,,,,,,,,,,,,,,,,,Security Update for Windows Server 2003 (KB2347290),60,MS10-061,fdcca1c2-7185-4070-acf9-96fe1af3ecc7,MS10-061,2347290,1,TRUE,3,FALSE,http://www.microsoft.com/technet/security/bulletin/MS10-061.mspx,http://go.microsoft.com/fwlink/?LinkId=200505,http://download.windowsupdate.com/msdownload/update/software/secu/2010/08/windowsserver2003-kb2347290-x86-enu_056f93a5449496c37f49a46a49c85ac52ca27672.exe,60,,,,,Disable,,,,16,,,,,,,,
,,,,,,,,,,,,,,,,,,,,,,,,,,,,,,,,Security Update for Windows Server 2003 (KB979687),61,MS10-083,2971970d-cec4-48a4-a7e0-ed983790d7af,MS10-083,979687,1,TRUE,3,FALSE,http://www.microsoft.com/technet/security/bulletin/MS10-083.mspx,http://go.microsoft.com/fwlink/?LinkID=190553,http://download.windowsupdate.com/msdownload/update/software/secu/2010/09/windowsserver2003-kb979687-x86-enu_06ca4443600844071c9a483d8bc31850c4936d2b.exe,61,,,,,Run ActiveX controls and plug-ins,,,,17,,,,,,,,
,,,,,,,,,,,,,,,,,,,,,,,,,,,,,,,,Security Update for Windows Server 2003 (KB2378111),62,MS10-082,b01b6d27-2d6b-4da1-8215-8b8a0ca5ba1b,MS10-082,2378111,1,TRUE,3,FALSE,http://www.microsoft.com/technet/security/bulletin/MS10-082.mspx,http://go.microsoft.com/fwlink/?LinkId=201098,http://download.windowsupdate.com/msdownload/update/software/secu/2010/09/windowsserver2003-kb2378111-x86-enu_7a42eee2b465640eb26416964cd2b0c3e7bc1dfd.exe,62,,,,,Enable,,,,17,,,,,,,,
,,,,,,,,,,,,,,,,,,,,,,,,,,,,,,,,Security Update for Windows Server 2003 (KB982132),63,MS10-076,c34b3fed-5fe6-4add-8dbc-515afbc81336,MS10-076,982132,1,TRUE,4,FALSE,http://www.microsoft.com/technet/security/bulletin/MS10-076.mspx,http://go.microsoft.com/fwlink/?LinkId=194560,http://download.windowsupdate.com/msdownload/update/software/secu/2010/09/windowsserver2003-kb982132-x86-enu_7824d40f1ec8d116420e9ad4ec337fc7a346fdf9.exe,63,,,,,Disable,,,,17,,,,,,,,
,,,,,,,,,,,,,,,,,,,,,,,,,,,,,,,,Security Update for Windows Server 2003 (KB2387149),64,MS10-074,18563bbf-f8f5-4cd3-ae86-5503c8495330,MS10-074,2387149,1,TRUE,2,FALSE,http://www.microsoft.com/technet/security/bulletin/MS10-074.mspx,http://go.microsoft.com/fwlink/?LinkId=201703,http://download.windowsupdate.com/msdownload/update/software/secu/2010/09/windowsserver2003-kb2387149-x86-enu_f1ebe74f098e17dc4726d4c581bb8be5bd100cc6.exe,64,,,,,Script ActiveX controls marked safe for scripting,,,,18,,,,,,,,
,,,,,,,,,,,,,,,,,,,,,,,,,,,,,,,,"Security Update for Microsoft .NET Framework 1.1 SP1, Windows Server 2003, and Windows Server 2003 R2 x86 (KB2416451)",65,MS10-070,b8dd2818-5ab0-4883-86d9-486ed5aedd23,MS10-070,2416451,1,TRUE,3,FALSE,http://www.microsoft.com/technet/security/bulletin/MS10-070.mspx,http://go.microsoft.com/fwlink/?LinkId=202366,http://download.windowsupdate.com/msdownload/update/software/secu/2010/09/windowsserver2003-kb2416451-x86-enu_ec21c6f9b0d598719825e45a33a7ab02374b7af0.exe,65,,,,,Enable,,,,18,,,,,,,,
,,,,,,,,,,,,,,,,,,,,,,,,,,,,,,,,Security Update for Windows Server 2003 (KB2423089),66,MS10-096,31473117-3e2f-446f-8245-a5c0f35105fa,MS10-096,2423089,1,TRUE,3,FALSE,http://www.microsoft.com/technet/security/bulletin/MS10-096.mspx,http://go.microsoft.com/fwlink/?LinkId=206738,http://download.windowsupdate.com/msdownload/update/software/secu/2010/11/windowsserver2003-kb2423089-x86-enu_302fffe93b3b43bc04f722b1c34fb7a38fb049ef.exe,66,,,,,Disable,,,,18,,,,,,,,
,,,,,,,,,,,,,,,,,,,,,,,,,,,,,,,,Security Update for Windows Server 2003 (KB2443105),67,MS10-097,7cf9c202-6725-4cb8-bc4f-4051ae5b5253,MS10-097,2443105,1,TRUE,3,FALSE,http://www.microsoft.com/technet/security/bulletin/MS10-097.mspx,http://go.microsoft.com/fwlink/?LinkId=206689,http://download.windowsupdate.com/msdownload/update/software/secu/2010/11/windowsserver2003-kb2443105-x86-enu_6b3912563438c46a03f9089b4edcd4771940c654.exe,67,,,,,File download,,,,19,,,,,,,,
,,,,,,,,,,,,,,,,,,,,,,,,,,,,,,,,Security Update for Windows Server 2003 (KB2419635),68,MS11-002,58a01cde-bcd6-40fb-b98a-edc41b81a7d4,MS11-002,2419635,1,TRUE,3,FALSE,http://www.microsoft.com/technet/security/bulletin/MS11-002.mspx,http://go.microsoft.com/fwlink/?LinkId=204803,http://download.windowsupdate.com/msdownload/update/software/secu/2010/12/windowsserver2003-kb2419635-x86-enu_69bed4ff1d1720f1fa255badadc46a1075666f6e.exe,68,,,,,Enable,,,,19,,,,,,,,
,,,,,,,,,,,,,,,,,,,,,,,,,,,,,,,,Security Update for Windows Server 2003 (KB2483185),69,MS11-006,61b91bad-cefe-4dee-9a41-069430d2b069,MS11-006,2483185,1,TRUE,4,FALSE,http://www.microsoft.com/technet/security/bulletin/MS11-006.mspx,http://go.microsoft.com/fwlink/?LinkId=208146,http://download.windowsupdate.com/msdownload/update/software/secu/2011/01/windowsserver2003-kb2483185-x86-enu_d2437dfc1c5e9e909d25ace627bf4346e719ffbd.exe,69,,,,,Disable,,,,19,,,,,,,,
,,,,,,,,,,,,,,,,,,,,,,,,,,,,,,,,Security Update for Windows Server 2003 (KB2478960),70,MS11-014,4b8fa40d-c9dc-4cca-871a-da7a4971e5eb,MS11-014,2478960,1,TRUE,3,FALSE,http://www.microsoft.com/technet/security/bulletin/MS11-014.mspx,http://go.microsoft.com/fwlink/?LinkId=208395,http://download.windowsupdate.com/msdownload/update/software/secu/2011/01/windowsserver2003-kb2478960-x86-enu_f06003d2076cf8b99214a269aecbdef842b3dc09.exe,70,,,,,Font download,,,,20,,,,,,,,
,,,,,,,,,,,,,,,,,,,,,,,,,,,,,,,,Security Update for Windows Server 2003 (KB2478953),71,MS11-005,5dba9b10-1e20-4b11-9389-42f5e5653b13,MS11-005,2478953,1,TRUE,3,FALSE,http://www.microsoft.com/technet/security/bulletin/MS11-005.mspx,http://go.microsoft.com/fwlink/?LinkId=207843,http://download.windowsupdate.com/msdownload/update/software/secu/2011/01/windowsserver2003-kb2478953-x86-enu_c5ac3e0056fa2ef84a17ce1549186899e0169450.exe,71,,,,,Enable,,,,20,,,,,,,,
,,,,,,,,,,,,,,,,,,,,,,,,,,,,,,,,Security Update for Windows Server 2003 (KB2478971),72,MS11-013,76696123-bd1f-4528-8993-5189f4610b36,MS11-013,2478971,1,TRUE,3,FALSE,http://www.microsoft.com/technet/security/bulletin/MS11-013.mspx,http://go.microsoft.com/fwlink/?LinkId=208523,http://download.windowsupdate.com/msdownload/update/software/secu/2011/01/windowsserver2003-kb2478971-x86-enu_5881be2c21530dfc925ca422198a180233415bbe.exe,72,,,,,Prompt,,,,20,,,,,,,,
,,,,,,,,,,,,,,,,,,,,,,,,,,,,,,,,Security Update for Windows Server 2003 (KB2393802),73,MS11-011,e064b697-80eb-4d8a-b363-00c804c59dec,MS11-011,2393802,1,TRUE,3,FALSE,http://www.microsoft.com/technet/security/bulletin/MS11-011.mspx,http://go.microsoft.com/fwlink/?LinkId=208365,http://download.windowsupdate.com/msdownload/update/software/secu/2011/01/windowsserver2003-kb2393802-x86-enu_a8e318bb1f72d9c9b9f053f8caafdc88bc9bbd7e.exe,73,,,,,Java permissions,,,,21,,,,,,,,
,,,,,,,,,,,,,,,,,,,,,,,,,,,,,,,,Security Update for Windows Server 2003 (KB2485663),74,MS11-033,a1f266bd-627e-4b43-be27-be3b196387f9,MS11-033,2485663,1,TRUE,3,FALSE,http://www.microsoft.com/technet/security/bulletin/MS11-033.mspx,http://go.microsoft.com/fwlink/?LinkId=208110,http://download.windowsupdate.com/msdownload/update/software/secu/2011/01/windowsserver2003-kb2485663-x86-enu_025bc09e90720e9c91545655e475ac247d97198d.exe,74,,,,,High safety,,,,21,,,,,,,,
,,,,,,,,,,,,,,,,,,,,,,,,,,,,,,,,Security Update for Windows Server 2003 (KB2508429),75,MS11-020,4fad0d92-3e59-425b-aa2b-6fb38a87768c,MS11-020,2508429,1,TRUE,4,FALSE,http://www.microsoft.com/technet/security/bulletin/MS11-020.mspx,http://go.microsoft.com/fwlink/?LinkId=212236,http://download.windowsupdate.com/msdownload/update/software/secu/2011/03/windowsserver2003-kb2508429-x86-enu_1d4ff4ef7163f06d580e7fbc94cc222bafd0733f.exe,75,,,,,Disable Java,,,,21,,,,,,,,
,,,,,,,,,,,,,,,,,,,,,,,,,,,,,,,,Security Update for Windows Server 2003 (KB2506212),76,MS11-024,ddd9d4b0-44a2-46af-bd50-beee9ba38620,MS11-024,2506212,1,TRUE,3,FALSE,http://www.microsoft.com/technet/security/bulletin/MS11-024.mspx,http://go.microsoft.com/fwlink/?LinkId=212226,http://download.windowsupdate.com/msdownload/update/software/secu/2011/03/windowsserver2003-kb2506212-x86-enu_4492bc520d8484324154ccd2fae8d275d0142560.exe,76,,,,,Allow META REFRESH,,,,22,,,,,,,,
,,,,,,,,,,,,,,,,,,,,,,,,,,,,,,,,Security Update for Windows Server 2003 (KB2510587),77,MS11-031,e96f3680-ee47-4b04-9262-9904179dcf4b,MS11-031,2510587,1,TRUE,4,FALSE,http://www.microsoft.com/technet/security/bulletin/MS11-031.mspx,http://go.microsoft.com/fwlink/?LinkId=212243,http://download.windowsupdate.com/msdownload/update/software/secu/2011/03/windowsserver2003-kb2510587-x86-enu_ee94e9a4208068b43c1871cd273666a208d65ee2.exe,77,,,,,Enable,,,,22,,,,,,,,
,,,,,,,,,,,,,,,,,,,,,,,,,,,,,,,,Security Update for Windows Server 2003 (KB2509553),78,MS11-030,7e6a2b9d-e517-4c43-b46e-25de133b1ae3,MS11-030,2509553,1,TRUE,3,FALSE,http://www.microsoft.com/technet/security/bulletin/MS11-030.mspx,http://go.microsoft.com/fwlink/?LinkId=212595,http://download.windowsupdate.com/msdownload/update/software/secu/2011/03/windowsserver2003-kb2509553-x86-enu_4906a643af6eb03b718432ad726b19343de3bc84.exe,78,,,,,Disable,,,,22,,,,,,,,
,,,,,,,,,,,,,,,,,,,,,,,,,,,,,,,,Security Update for Windows Server 2003 (KB2535512),79,MS11-042,8be5dea6-87f2-461b-aabb-22a14de30efb,MS11-042,2535512,1,TRUE,4,FALSE,http://www.microsoft.com/technet/security/bulletin/MS11-042.mspx,http://go.microsoft.com/fwlink/?LinkId=215838,http://download.windowsupdate.com/msdownload/update/software/secu/2011/05/windowsserver2003-kb2535512-x86-enu_418fe36d5b539af61508681b14e1f13ee2cfac27.exe,79,,,,,Drag and drop or copy and paste files,,,,23,,,,,,,,
,,,,,,,,,,,,,,,,,,,,,,,,,,,,,,,,Security Update for Windows Server 2003 (KB2476490),80,MS11-038,43742f2a-7256-4fd1-9985-859b3aab0bad,MS11-038,2476490,1,TRUE,4,FALSE,http://www.microsoft.com/technet/security/bulletin/MS11-038.mspx,http://go.microsoft.com/fwlink/?LinkId=212284,http://download.windowsupdate.com/msdownload/update/software/secu/2011/05/windowsserver2003-kb2476490-x86-enu_c14b9655fccd5002ede28be4bbb14b572e41e392.exe,80,,,,,Enable,,,,23,,,,,,,,
,,,,,,,,,,,,,,,,,,,,,,,,,,,,,,,,Security Update for Windows Server 2003 (KB2507938),81,MS11-056,2df756e0-8bef-428b-af91-5af672c532aa,MS11-056,2507938,1,TRUE,3,FALSE,http://www.microsoft.com/technet/security/bulletin/MS11-056.mspx,http://go.microsoft.com/fwlink/?LinkId=217465,http://download.windowsupdate.com/msdownload/update/software/secu/2011/05/windowsserver2003-kb2507938-x86-enu_5b335af8fe49f69c5acbdb4125bbdce0f001a11b.exe,81,,,,,Prompt,,,,23,,,,,,,,
,,,,,,,,,,,,,,,,,,,,,,,,,,,,,,,,Security Update for Microsoft XML Core Services 4.0 Service Pack 2 (KB954430),82,MS08-069,2b0b2515-192d-470a-9745-4a3fb7c0203a,MS08-069,954430,1,TRUE,3,FALSE,http://www.microsoft.com/technet/security/bulletin/MS08-069.mspx,http://go.microsoft.com/fwlink/?LinkId=128803,http://download.windowsupdate.com/msdownload/update/software/secu/2008/10/msxml4-kb954430-enu_c40d3e3035b8cea714f27532fea37c05b2d4dc65.exe,82,,,,,Installation of desktop items,,,,24,,,,,,,,
,,,,,,,,,,,,,,,,,,,,,,,,,,,,,,,,Security Update for Windows Server 2003 (KB2536276),83,MS11-043,81a37f7a-2dcc-4779-af8d-f768b980e38e,MS11-043,2536276,1,TRUE,4,FALSE,http://www.microsoft.com/technet/security/bulletin/MS11-043.mspx,http://go.microsoft.com/fwlink/?LinkId=215841,http://download.windowsupdate.com/msdownload/update/software/secu/2011/07/windowsserver2003-kb2536276-v2-x86-enu_13b985a39c5f77f572de773d89a0f2f969a6f488.exe,83,,,,,Prompt,,,,24,,,,,,,,
,,,,,,,,,,,,,,,,,,,,,,,,,,,,,,,,Security Update for Windows Server 2003 (KB2566454),84,MS11-062,454b7d79-d597-419b-8138-7246b80b536b,MS11-062,2566454,1,TRUE,3,FALSE,http://www.microsoft.com/technet/security/bulletin/MS11-062.mspx,http://go.microsoft.com/fwlink/?LinkId=223669,http://download.windowsupdate.com/msdownload/update/software/secu/2011/07/windowsserver2003-kb2566454-x86-enu_085ed925169860cf4b3881ffd00a7816968923b5.exe,84,,,,,Disable,,,,24,,,,,,,,
,,,,,,,,,,,,,,,,,,,,,,,,,,,,,,,,Security Update for Windows Server 2003 (KB2570947),85,MS11-071,a341b1a9-c7b6-4015-8b0a-04bd2ef13616,MS11-071,2570947,1,TRUE,3,FALSE,http://www.microsoft.com/technet/security/bulletin/MS11-071.mspx,http://go.microsoft.com/fwlink/?LinkId=223632,http://download.windowsupdate.com/msdownload/update/software/secu/2011/08/windowsserver2003-kb2570947-x86-enu_45d05a540e41debfaae4edf294147a30ecbd2f8d.exe,85,,,,,Launching programs and files in an IFRAME,,,,25,,,,,,,,
,,,,,,,,,,,,,,,,,,,,,,,,,,,,,,,,Security Update for Windows Server 2003 (KB2564958),86,MS11-075,98d32b93-e0b1-4ef9-9c5b-2620a732d1ef,MS11-075,2564958,1,TRUE,3,FALSE,http://www.microsoft.com/technet/security/bulletin/MS11-075.mspx,http://go.microsoft.com/fwlink/?LinkId=221538,http://download.windowsupdate.com/msdownload/update/software/secu/2011/09/windows-en-us-kb2564958_eac36fe4548b42a26f79b1970de1998c82966bce.exe,86,,,,,Prompt,,,,25,,,,,,,,
,,,,,,,,,,,,,,,,,,,,,,,,,,,,,,,,Security Update for Windows Server 2003 (KB2544893),87,MS11-037,2c8b6b7a-4035-4a58-aeee-214d2f62d4ab,MS11-037,2544893,1,TRUE,1,FALSE,http://www.microsoft.com/technet/security/bulletin/MS11-037.mspx,http://go.microsoft.com/fwlink/?LinkId=217912,http://download.windowsupdate.com/msdownload/update/software/secu/2011/10/windowsserver2003-kb2544893-v2-x86-enu_b7164f566084413267f89097e08c7737d5f1f202.exe,87,,,,,Disable,,,,25,,,,,,,,
,,,,,,,,,,,,,,,,,,,,,,,,,,,,,,,,Security Update for Windows Server 2003 (KB2620712),88,MS11-097,a9c06fab-50fd-43a0-b3fa-28722129668d,MS11-097,2620712,1,TRUE,3,FALSE,http://www.microsoft.com/technet/security/bulletin/MS11-097.mspx,http://go.microsoft.com/fwlink/?LinkId=232663,http://download.windowsupdate.com/msdownload/update/software/secu/2011/11/windowsserver2003-kb2620712-x86-enu_4492e86c3c7f7da16144b67fcd1be063b4adcc2d.exe,88,,,,,Navigate sub-frames across different domains,,,,26,,,,,,,,
,,,,,,,,,,,,,,,,,,,,,,,,,,,,,,,,Security Update for Windows Server 2003 (KB2584146),89,MS12-005,51d73af3-ba8e-454e-9d45-33cb4958409f,MS12-005,2584146,1,TRUE,3,FALSE,http://www.microsoft.com/technet/security/bulletin/MS12-005.mspx,http://go.microsoft.com/fwlink/?LinkId=230777,http://download.windowsupdate.com/msdownload/update/software/secu/2011/11/windowsserver2003-kb2584146-x86-enu_ed8a80ffdf6be5749ad6e276c5968f0ad136b5c9.exe,89,,,,,Enable,,,,26,,,,,,,,
,,,,,,,,,,,,,,,,,,,,,,,,,,,,,,,,Security Update for Windows Server 2003 (KB2631813),90,MS12-004,3e1ce9a4-476f-41e4-bb54-56bfd67e395b,MS12-004,2631813,1,TRUE,4,FALSE,http://www.microsoft.com/technet/security/bulletin/MS12-004.mspx,http://go.microsoft.com/fwlink/?LinkId=227487,http://download.windowsupdate.com/msdownload/update/software/secu/2011/11/windowsserver2003-kb2631813-x86-enu_f4cd1a3faa3a7310e9fdbf90566e915d8d27fbb6.exe,90,,,,,Disable,,,,26,,,,,,,,
,,,,,,,,,,,,,,,,,,,,,,,,,,,,,,,,Security Update for Windows Server 2003 (KB2638806),91,MS12-006,419738aa-2b76-4755-8e82-6e0d0102ff4b,MS12-006,2638806,1,TRUE,3,FALSE,http://www.microsoft.com/technet/security/bulletin/MS12-006.mspx,http://go.microsoft.com/fwlink/?LinkID=232510,http://download.windowsupdate.com/msdownload/update/software/secu/2011/11/windowsserver2003-kb2638806-x86-enu_dd96782ed8f0c84a7b58e05c3eabbcb120be9d99.exe,91,,,,,Software channel permissions,,,,27,,,,,,,,
,,,,,,,,,,,,,,,,,,,,,,,,,,,,,,,,Security Update for Windows Server 2003 (KB2603381),92,MS12-002,eca08204-2502-471b-ae1c-fa3cae166c73,MS12-002,2603381,1,TRUE,3,FALSE,http://www.microsoft.com/technet/security/bulletin/MS12-002.mspx,http://go.microsoft.com/fwlink/?LinkId=229637,http://download.windowsupdate.com/msdownload/update/software/secu/2011/11/windowsserver2003-kb2603381-x86-enu_e338403c8aab7f7d205a80ceb4211417944c7955.exe,92,,,,,Medium safety,,,,27,,,,,,,,
,,,,,,,,,,,,,,,,,,,,,,,,,,,,,,,,Security Update for Windows Server 2003 (KB2598479),93,MS12-004,7ad48d28-380e-4328-a593-dacc0813c767,MS12-004,2598479,1,TRUE,4,FALSE,http://www.microsoft.com/technet/security/bulletin/MS12-004.mspx,http://go.microsoft.com/fwlink/?LinkId=227487,http://download.windowsupdate.com/msdownload/update/software/secu/2011/11/windowsserver2003-kb2598479-x86-enu_0bd96c4eb2322c990129c7b0cfea2f4035bbc065.exe,93,,,,,High safety,,,,27,,,,,,,,
,,,,,,,,,,,,,,,,,,,,,,,,,,,,,,,,Security Update for Windows Server 2003 (KB2644615),94,MS12-001,9ec613a4-1993-4288-816c-0d4816b69d73,MS12-001,2644615,1,TRUE,3,FALSE,http://www.microsoft.com/technet/security/bulletin/MS12-001.mspx,http://go.microsoft.com/fwlink/?LinkID=235999,http://download.windowsupdate.com/msdownload/update/software/secu/2011/12/windowsserver2003-kb2644615-x86-enu_7ae09552c5fa9036e4c0fd9907b1027aa849c4b2.exe,94,,,,,Submit nonencrypted form data,,,,28,,,,,,,,
,,,,,,,,,,,,,,,,,,,,,,,,,,,,,,,,Security Update for Windows Server 2003 (KB2645640),95,MS12-009,fe530325-e1bb-4859-836f-f19a44d73daa,MS12-009,2645640,1,TRUE,3,FALSE,http://www.microsoft.com/technet/security/bulletin/MS12-009.mspx,http://go.microsoft.com/fwlink/?LinkId=238474,http://download.windowsupdate.com/msdownload/update/software/secu/2012/01/windowsserver2003-kb2645640-x86-enu_9e50f913aed8980b4f9a894b7f7aab644a5c8654.exe,95,,,,,Enable,,,,28,,,,,,,,
,,,,,,,,,,,,,,,,,,,,,,,,,,,,,,,,Security Update for Windows Server 2003 (KB2653956),96,MS12-024,b1dd2c2c-cab1-4f19-ab7b-2f1145dc3549,MS12-024,2653956,1,TRUE,4,FALSE,http://www.microsoft.com/technet/security/bulletin/MS12-024.mspx,http://go.microsoft.com/fwlink/?LinkId=238623,http://download.windowsupdate.com/msdownload/update/software/secu/2012/03/windowsserver2003-kb2653956-x86-enu_3d7ad78e199a78b26bcf55952abbf9230ca5657a.exe,96,,,,,Prompt,,,,28,,,,,,,,
,,,,,,,,,,,,,,,,,,,,,,,,,,,,,,,,Security Update for Windows Server 2003 (KB2676562),97,MS12-034,3b42d986-5e01-4220-88ce-216941e7e86d,MS12-034,2676562,1,TRUE,4,FALSE,http://www.microsoft.com/technet/security/bulletin/MS12-034.mspx,http://go.microsoft.com/fwlink/?LinkId=244692,http://download.windowsupdate.com/msdownload/update/software/secu/2012/04/windowsserver2003-kb2676562-x86-enu_ec21d290d8b4b2d5fb0cffee2d1de28be27c8809.exe,97,,,,,Usersdata persistence,,,,29,,,,,,,,
,,,,,,,,,,,,,,,,,,,,,,,,,,,,,,,,Security Update for Windows Server 2003 (KB2659262),98,MS12-034,a951ba47-657d-44ef-b96d-83ecb00a10a8,MS12-034,2659262,1,TRUE,3,FALSE,http://www.microsoft.com/technet/security/bulletin/MS12-034.mspx,http://go.microsoft.com/fwlink/?LinkId=251038,http://download.windowsupdate.com/msdownload/update/software/secu/2012/03/windowsserver2003-kb2659262-x86-enu_7b19add0182d79c514ec394dac2f7ffde0619c7c.exe,98,,,,,Enable,,,,29,,,,,,,,
,,,,,,,,,,,,,,,,,,,,,,,,,,,,,,,,Security Update for Windows Server 2003 (KB2686509),99,MS12-034,1e691dca-2fed-44db-90aa-cd226aea016d,MS12-034,2686509,1,TRUE,3,FALSE,http://www.microsoft.com/technet/security/bulletin/MS12-034.mspx,http://go.microsoft.com/fwlink/?LinkId=244692,http://download.windowsupdate.com/msdownload/update/software/secu/2012/04/windowsserver2003-kb2686509-x86-enu_ac2ef5c8c28e533f07959011c6c10cf84e314ab3.exe,99,,,,,Disable,,,,29,,,,,,,,
,,,,,,,,,,,,,,,,,,,,,,,,,,,,,,,,Security Update for Windows Server 2003 (KB2685939),100,MS12-036,b88898a9-b403-4b3d-8fcd-1b787bc4d3ba,MS12-036,2685939,1,TRUE,4,FALSE,http://www.microsoft.com/technet/security/bulletin/MS12-036.mspx,http://go.microsoft.com/fwlink/?LinkId=246927,http://download.windowsupdate.com/msdownload/update/software/secu/2012/05/windowsserver2003-kb2685939-x86-enu_e2d17120cbc97e36b89050c751c1a5830bf048e1.exe,100,,,,,Active scripting,,,,30,,,,,,,,
,,,,,,,,,,,,,,,,,,,,,,,,,,,,,,,,Security Update for Windows Server 2003 (KB2698365),101,MS12-045,a18258e0-99c2-42b1-b3e7-d1960fbce904,MS12-045,2698365,1,TRUE,2,FALSE,http://www.microsoft.com/technet/security/bulletin/MS12-045.mspx,http://go.microsoft.com/fwlink/?LinkId=254441,http://download.windowsupdate.com/msdownload/update/software/secu/2012/06/windowsserver2003-kb2698365-x86-enu_6ef77f3cdd181e4bd2c0c55a5086ffb753801a3f.exe,101,,,,,Enable,,,,30,,,,,,,,
,,,,,,,,,,,,,,,,,,,,,,,,,,,,,,,,Security Update for Windows Server 2003 (KB2691442),102,MS12-048,ecd6b494-f8ca-47f4-b1b4-e2455274f605,MS12-048,2691442,1,TRUE,3,FALSE,http://www.microsoft.com/technet/security/bulletin/MS12-048.mspx,http://go.microsoft.com/fwlink/?LinkId=239507,http://download.windowsupdate.com/msdownload/update/software/secu/2012/06/windowsserver2003-kb2691442-x86-enu_2a3004e7271c1b7d8a9576496086f7f50c2256f7.exe,102,,,,,Disable,,,,30,,,,,,,,
,,,,,,,,,,,,,,,,,,,,,,,,,,,,,,,,Security Update for Windows Server 2003 (KB2655992),103,MS12-049,8e684643-810c-4e11-ba7d-fee8a82317f8,MS12-049,2655992,1,TRUE,3,FALSE,http://www.microsoft.com/technet/security/bulletin/MS12-049.mspx,http://go.microsoft.com/fwlink/?LinkId=251035,http://download.windowsupdate.com/msdownload/update/software/secu/2012/06/windowsserver2003-kb2655992-x86-enu_581e42744d78ea215f6502b6462fe6a1a959b188.exe,103,,,,,Allow paste operations via script,,,,31,,,,,,,,
,,,,,,,,,,,,,,,,,,,,,,,,,,,,,,,,Security Update for Windows Server 2003 (KB2712808),104,MS12-054,bce497c7-99b2-4427-868e-9126cef33a0b,MS12-054,2712808,1,TRUE,4,FALSE,http://www.microsoft.com/technet/security/bulletin/MS12-054.mspx,http://go.microsoft.com/fwlink/?LinkId=257914,http://download.windowsupdate.com/msdownload/update/software/secu/2012/07/windowsserver2003-kb2712808-x86-enu_8b521a0a1a891b6f05973a419a7b34de2d16ef16.exe,104,,,,,Enable,,,,31,,,,,,,,
,,,,,,,,,,,,,,,,,,,,,,,,,,,,,,,,Security Update for Windows Server 2003 (KB2705219),105,MS12-054,58e56681-133b-499f-99b6-11f874fcb829,MS12-054,2705219,1,TRUE,3,FALSE,http://www.microsoft.com/technet/security/bulletin/MS12-054.mspx,http://go.microsoft.com/fwlink/?LinkId=257914,http://download.windowsupdate.com/msdownload/update/software/secu/2012/09/windowsserver2003-kb2705219-v2-x86-enu_03e7bb6f779862cbe5bc8ebb9bcc85a1e936688b.exe,105,,,,,Disable,,,,31,,,,,,,,
,,,,,,,,,,,,,,,,,,,,,,,,,,,,,,,,Security Update for Windows Server 2003 (KB2727528),106,MS12-072,4022cbc3-a8c1-4f10-872c-58ead8342e02,MS12-072,2727528,1,TRUE,4,FALSE,http://www.microsoft.com/technet/security/bulletin/MS12-072.mspx,http://go.microsoft.com/fwlink/?LinkId=260820,http://download.windowsupdate.com/msdownload/update/software/secu/2012/10/windowsserver2003-kb2727528-x86-enu_436d67e9be1032d344666edb472a3ead9ef4f371.exe,106,,,,,Scripting of Java applets,,,,32,,,,,,,,
,,,,,,,,,,,,,,,,,,,,,,,,,,,,,,,,Security Update for Windows Server 2003 (KB2770660),107,MS12-082,a5f1c0e5-16a2-4503-9f7a-f54d1aad38f0,MS12-082,2770660,1,TRUE,3,FALSE,http://www.microsoft.com/technet/security/bulletin/MS12-082.mspx,http://go.microsoft.com/fwlink/?LinkId=271751,http://download.windowsupdate.com/msdownload/update/software/secu/2012/11/windowsserver2003-kb2770660-x86-enu_2bb394a8d2224b873614b3c74ec47e32aaf29680.exe,107,,,,,Enable,,,,32,,,,,,,,
,,,,,,,,,,,,,,,,,,,,,,,,,,,,,,,,Update for Windows Server 2003 (KB2779562),108,2779562,37e422d4-76d2-4e2e-9266-dea9ce018253,,2779562,3,TRUE,0,FALSE,,http://support.microsoft.com/kb/2779562,http://download.windowsupdate.com/msdownload/update/software/uprl/2012/11/windowsserver2003-kb2779562-x86-enu_54ae30d9a9d188a58f566d85d60702bf1503fda6.exe,108,,,,,Disable,,,,32,,,,,,,,
,,,,,,,,,,,,,,,,,,,,,,,,,,,,,,,,Security Update for Microsoft .NET Framework 1.1 SP1 on Windows Server 2003 and Windows Server 2003 R2 x86 (KB2742604),109,MS13-004,e9766758-327e-462c-9772-2ef22cad0737,MS13-004,2742604,1,TRUE,3,FALSE,http://www.microsoft.com/technet/security/bulletin/MS13-004.mspx,http://go.microsoft.com/fwlink/?LinkID=261911,http://download.windowsupdate.com/msdownload/update/software/secu/2012/12/windowsserver2003-kb2742604-x86-enu_489ec592ccfb803a789f94d783c0167ede788966.exe,109,,,,,Logon,,,,33,,,,,,,,
,,,,,,,,,,,,,,,,,,,,,,,,,,,,,,,,Security Update for Microsoft XML Core Services 6.0 Service Pack 2 (KB2758696),110,MS13-002,32e327ba-6a61-426a-8869-495674083978,MS13-002,2758696,1,TRUE,2,FALSE,http://www.microsoft.com/technet/security/bulletin/MS13-002.mspx,http://go.microsoft.com/fwlink/?LinkId=264923,http://download.windowsupdate.com/msdownload/update/software/secu/2012/12/msxml6-kb2758696-enu-x86_1e869fb8ae3d16b7d988c9a9e192917b941771d9.exe,110,,,,,Automatic logon only in Intranet zone,,,,33,,,,,,,,
,,,,,,,,,,,,,,,,,,,,,,,,,,,,,,,,Security Update for Windows Server 2003 (KB2780091),111,MS13-011,58a16c0b-0e6a-41bb-ae2e-2ad047178206,MS13-011,2780091,1,TRUE,4,FALSE,http://www.microsoft.com/technet/security/bulletin/MS13-011.mspx,http://go.microsoft.com/fwlink/?LinkId=271307,http://download.windowsupdate.com/msdownload/update/software/secu/2013/01/windowsserver2003-kb2780091-x86-enu_ff47a4bc1827cb3f67cf6e92f035fbaf299d440a.exe,111,,,,,Prompt for user name and password,,,,33,,,,,,,,
,,,,,,,,,,,,,,,,,,,,,,,,,,,,,,,,Security Update for Windows Server 2003 (KB2807986),112,MS13-027,8cd56b72-8791-4fbb-bb86-97d41afcb588,MS13-027,2807986,1,TRUE,3,FALSE,http://www.microsoft.com/technet/security/bulletin/MS13-027.mspx,http://go.microsoft.com/fwlink/?LinkId=282639,http://download.windowsupdate.com/msdownload/update/software/secu/2013/02/windowsserver2003-kb2807986-x86-enu_b00e8fd97271d1e512774330e89a5790983c650c.exe,112,,,,,Share,5,,,,,,,,,,,
,,,,,,,,,,,,,,,,,,,,,,,,,,,,,,,,Security Update for Windows Server 2003 (KB2772930),113,MS13-032,11267fd7-1b3a-4195-816f-9b63a97c5a39,MS13-032,2772930,1,TRUE,3,FALSE,http://www.microsoft.com/technet/security/bulletin/MS13-032.mspx,http://go.microsoft.com/fwlink/?LinkId=280660,http://download.windowsupdate.com/msdownload/update/software/secu/2013/03/windowsserver2003-kb2772930-x86-enu_156018f5a2ae5b1188b5d6fdad015f49a06eb1ec.exe,113,,,,,Directory,5,,,,,,,,,,,
,,,,,,,,,,,,,,,,,,,,,,,,,,,,,,,,Security Update for Windows Server 2003 (KB2820917),114,MS13-033,54eb47e2-a056-4f8f-a082-1d0db358457c,MS13-033,2820917,1,TRUE,3,FALSE,http://www.microsoft.com/technet/security/bulletin/MS13-033.mspx,http://go.microsoft.com/fwlink/?LinkId=286700,http://download.windowsupdate.com/msdownload/update/software/secu/2013/03/windowsserver2003-kb2820917-x86-enu_9c60120102d679668e9ac6bd7bf423f08210fa6c.exe,114,,,,,Share ACL,5,,,,,,,,,,,
,,,,,,,,,,,,,,,,,,,,,,,,,,,,,,,,Security Update for Windows Server 2003 (KB2834886),115,MS13-054,8b0a11fe-67f0-438d-8103-f55d7c15f704,MS13-054,2834886,1,TRUE,4,FALSE,http://www.microsoft.com/technet/security/bulletin/MS13-054.mspx,http://go.microsoft.com/fwlink/?LinkID=301531,http://download.windowsupdate.com/c/msdownload/update/software/secu/2013/05/windowsserver2003-kb2834886-x86-enu_c23999154b62ed208830438de3bc517daf40246d.exe,115,,,,,Directory ACL,5,,,,,,,,,,,
,,,,,,,,,,,,,,,,,,,,,,,,,,,,,,,,Security Update for Windows Server 2003 (KB2850869),116,MS13-060,c8f39789-2de8-47e4-911f-42ec11fece20,MS13-060,2850869,1,TRUE,4,FALSE,http://www.microsoft.com/technet/security/bulletin/MS13-060.mspx,http://go.microsoft.com/fwlink/?LinkId=314044,http://download.windowsupdate.com/d/msdownload/update/software/secu/2013/07/windowsserver2003-kb2850869-x86-enu_50164a48c2f846ffcf7ef489c4fe6d2b339f8a46.exe,116,,,,,E$,,,,34,,,,,,,,
,,,,,,,,,,,,,,,,,,,,,,,,,,,,,,,,Security Update for Windows Server 2003 (KB2859537),117,MS13-063,699ca73f-0bef-46bf-9e8f-d543cbab5941,MS13-063,2859537,1,TRUE,3,FALSE,http://www.microsoft.com/technet/security/bulletin/MS13-063.mspx,http://go.microsoft.com/fwlink/?LinkId=309338,http://download.windowsupdate.com/d/msdownload/update/software/secu/2013/07/windowsserver2003-kb2859537-x86-enu_350bb4e34d0d40f2cba478ba2cf1e12d30119672.exe,117,,,,,E:\,,,,34,,,,,,,,
,,,,,,,,,,,,,,,,,,,,,,,,,,,,,,,,Security Update for Windows Server 2003 (KB2803821),118,MS13-057,d4800c95-6e84-4127-89e8-c1fbe36625dc,MS13-057,2803821,1,TRUE,4,FALSE,http://www.microsoft.com/technet/security/bulletin/MS13-057.mspx,http://go.microsoft.com/fwlink/?LinkID=301528,http://download.windowsupdate.com/d/msdownload/update/software/secu/2013/08/windowsserver2003-kb2803821-v2-x86-enu_5cb3a6deedb3aa6584f8512e172e1d7503018634.exe,118,,,,,Admin Share,,,,34,,,,,,,,
,,,,,,,,,,,,,,,,,,,,,,,,,,,,,,,,Security Update for Windows Server 2003 (KB2876217),119,MS13-070,a6d6105b-2fb1-4f5a-8d1a-7185057da7b9,MS13-070,2876217,1,TRUE,4,FALSE,http://www.microsoft.com/technet/security/bulletin/MS13-070.mspx,http://support.microsoft.com/kb/2876217,http://download.windowsupdate.com/d/msdownload/update/software/secu/2013/08/windowsserver2003-kb2876217-x86-enu_8731271c94f391a2b1771402e0385cd1a8a01fdb.exe,119,,,,,Directory ACL can not be read.,,,,34,,,,,,,,
,,,,,,,,,,,,,,,,,,,,,,,,,,,,,,,,Security Update for Windows Server 2003 (KB2864063),120,MS13-071,ca74a722-3dbd-4a7c-82fc-d8fad6120b0e,MS13-071,2864063,1,TRUE,3,FALSE,http://www.microsoft.com/technet/security/bulletin/MS13-071.mspx,http://support.microsoft.com/kb/2864063,http://download.windowsupdate.com/d/msdownload/update/software/secu/2013/08/windowsserver2003-kb2864063-x86-enu_8920ec2db9884abfaa42d0b6686939cce1c3679e.exe,120,,,,,ADMIN$,,,,35,,,,,,,,
,,,,,,,,,,,,,,,,,,,,,,,,,,,,,,,,Security Update for Windows Server 2003 (KB2847311),121,MS13-081,cda1e8ed-b1a6-4b14-bf49-73b88f99a254,MS13-081,2847311,1,TRUE,4,FALSE,http://www.microsoft.com/technet/security/bulletin/MS13-081.mspx,http://support.microsoft.com/kb/2847311,http://download.windowsupdate.com/d/msdownload/update/software/secu/2013/09/windowsserver2003-kb2847311-x86-enu_39ed5fb0ac8d045681dbe4f800cea7bd1b3cee17.exe,121,,,,,C:\WINDOWS,,,,35,,,,,,,,
,,,,,,,,,,,,,,,,,,,,,,,,,,,,,,,,Security Update for Windows Server 2003 (KB2868038),122,MS13-081,506c0dac-2bbb-4975-b81d-32b77abd35b1,MS13-081,2868038,1,TRUE,3,FALSE,http://www.microsoft.com/technet/security/bulletin/MS13-081.mspx,http://support.microsoft.com/kb/2868038,http://download.windowsupdate.com/d/msdownload/update/software/secu/2013/07/windowsserver2003-kb2868038-x86-enu_f163027eee07194163dfd1f46ba9dff1bba96c22.exe,122,,,,,Admin Share,,,,35,,,,,,,,
,,,,,,,,,,,,,,,,,,,,,,,,,,,,,,,,Security Update for Windows Server 2003 (KB2864058),123,MS13-083,364c983a-d176-455c-b1e2-d8a4fd4e89fc,MS13-083,2864058,1,TRUE,0,FALSE,http://www.microsoft.com/technet/security/bulletin/MS13-083.mspx,http://support.microsoft.com/kb/2864058,http://download.windowsupdate.com/d/msdownload/update/software/secu/2013/07/windowsserver2003-kb2864058-x86-enu_40cf9fa6d330c4edd66df1937411b16009cecf49.exe,123,,,,,"BUILTIN\Administrators -  F, NT AUTHORITY\Authenticated Users -  RX, NT AUTHORITY\SYSTEM -  F",,,,35,,,,,,,,
,,,,,,,,,,,,,,,,,,,,,,,,,,,,,,,,Security Update for Windows Server 2003 (KB2862330),124,MS13-081,6bc973f3-949b-4214-a283-fcc6a39e369b,MS13-081,2862330,1,TRUE,3,FALSE,http://www.microsoft.com/technet/security/bulletin/MS13-081.mspx,http://support.microsoft.com/kb/2862330,http://download.windowsupdate.com/d/msdownload/update/software/secu/2013/08/windowsserver2003-kb2862330-x86-enu_717b0e64e2d4b89c1655a5cb333d3e51ad3f702b.exe,124,,,,,C$,,,,36,,,,,,,,
,,,,,,,,,,,,,,,,,,,,,,,,,,,,,,,,Security Update for Windows Server 2003 (KB2862335),125,MS13-081,f754e876-d249-4c94-9d47-c8acc66dfa37,MS13-081,2862335,1,TRUE,3,FALSE,http://www.microsoft.com/technet/security/bulletin/MS13-081.mspx,http://support.microsoft.com/kb/2862335,http://download.windowsupdate.com/d/msdownload/update/software/secu/2013/09/windowsserver2003-kb2862335-x86-enu_a6714a1d9236add87da849ec4385ac399fb386f2.exe,125,,,,,C:\,,,,36,,,,,,,,
,,,,,,,,,,,,,,,,,,,,,,,,,,,,,,,,Cumulative Security Update for ActiveX Killbits for Windows Server 2003 (KB2900986),126,MS13-090,2f66c6e2-5fc5-43dd-99b0-b217c2176719,MS13-090,2900986,1,TRUE,2,FALSE,http://www.microsoft.com/technet/security/bulletin/MS13-090.mspx,http://support.microsoft.com/kb/2900986,http://download.windowsupdate.com/c/msdownload/update/software/secu/2013/11/windowsserver2003-kb2900986-x86-enu_4058b2d3d54c335d2f6247f2e0b7caad99903397.exe,126,,,,,Admin Share,,,,36,,,,,,,,
,,,,,,,,,,,,,,,,,,,,,,,,,,,,,,,,Security Update for Windows Server 2003 (KB2876331),127,MS13-089,52bf4118-b6f5-402f-be47-d85085ffbd28,MS13-089,2876331,1,TRUE,4,FALSE,http://www.microsoft.com/technet/security/bulletin/MS13-089.mspx,http://support.microsoft.com/kb/2876331,http://download.windowsupdate.com/d/msdownload/update/software/secu/2013/10/windowsserver2003-kb2876331-x86-enu_b70297dcd4359a600f2c5aa1a8d47e75858aa4a6.exe,127,,,,,"BUILTIN\Administrators -  F, NT AUTHORITY\SYSTEM -  F, BUILTIN\Users -  RX, Everyone -  RX",,,,36,,,,,,,,
,,,,,,,,,,,,,,,,,,,,,,,,,,,,,,,,Security Update for Windows Server 2003 (KB2868626),128,MS13-095,b3e59feb-2387-490b-a123-3b3ddc25e980,MS13-095,2868626,1,TRUE,3,FALSE,http://www.microsoft.com/technet/security/bulletin/MS13-095.mspx,http://support.microsoft.com/kb/2868626,http://download.windowsupdate.com/d/msdownload/update/software/secu/2013/10/windowsserver2003-kb2868626-x86-enu_e08def74230cef9e26364a61651db3b711fd6b1b.exe,128,,,,,D$,,,,37,,,,,,,,
,,,,,,,,,,,,,,,,,,,,,,,,,,,,,,,,Security Update for Windows Server 2003 (KB2862152),129,2862152,4a7e0b32-eb42-4d3a-aa24-8ff8f1d773d1,,2862152,1,TRUE,0,FALSE,,http://support.microsoft.com/kb/2862152,http://download.windowsupdate.com/d/msdownload/update/software/secu/2013/10/windowsserver2003-kb2862152-x86-enu_8d96f688b35efa32eec1b05c92a8422d304e972d.exe,129,,,,,D:\,,,,37,,,,,,,,
,,,,,,,,,,,,,,,,,,,,,,,,,,,,,,,,Security Update for Windows Server 2003 (KB2893294),130,MS13-098,7459ac77-7089-463e-8e78-9936554cfe6c,MS13-098,2893294,1,TRUE,4,FALSE,http://www.microsoft.com/technet/security/bulletin/MS13-098.mspx,http://support.microsoft.com/kb/2893294,http://download.windowsupdate.com/d/msdownload/update/software/secu/2013/10/windowsserver2003-kb2893294-x86-enu_66af7c56915fa7859494dab7da995c6407e9da24.exe,130,,,,,Admin Share,,,,37,,,,,,,,
,,,,,,,,,,,,,,,,,,,,,,,,,,,,,,,,Security Update for Windows Server 2003 (KB2898715),131,MS13-102,5529a932-0c81-4cab-a890-9c762d00a314,MS13-102,2898715,1,TRUE,3,FALSE,http://www.microsoft.com/technet/security/bulletin/MS13-102.mspx,http://support.microsoft.com/kb/2898715,http://download.windowsupdate.com/d/msdownload/update/software/secu/2013/11/windowsserver2003-kb2898715-x86-enu_051eb5ad7afde9ef99003986660539f3afd222fd.exe,131,,,,,"BUILTIN\Administrators -  F, NT AUTHORITY\SYSTEM -  F, BUILTIN\Users -  RX, Everyone -  RX",,,,37,,,,,,,,
,,,,,,,,,,,,,,,,,,,,,,,,,,,,,,,,Cumulative Security Update for Internet Explorer 6 for Windows Server 2003 (KB2898785),132,MS13-097,0a80af25-3289-4238-b183-c42b7b865438,MS13-097,2898785,1,TRUE,2,FALSE,http://www.microsoft.com/technet/security/bulletin/MS13-097.mspx,http://support.microsoft.com/kb/2898785,http://download.windowsupdate.com/d/msdownload/update/software/secu/2013/11/windowsserver2003-kb2898785-x86-enu_a816e1b0db4f6036ab7d4b3d325bfaa53459e4e4.exe,132,,,,,User,6,,,,,,,,,,,
,,,,,,,,,,,,,,,,,,,,,,,,,,,,,,,,Security Update for Windows Server 2003 (KB2892076),133,MS13-099,4f0fedcb-5299-410d-b299-da1b43be0898,MS13-099,2892076,1,TRUE,4,FALSE,http://www.microsoft.com/technet/security/bulletin/MS13-099.mspx,http://support.microsoft.com/kb/2892076,http://download.windowsupdate.com/c/msdownload/update/software/secu/2013/11/windowsserver2003-kb2892076-x86-enu_bb30c756460250fc2dd8dea86628b41519908d8c.exe,133,,,,,CheckNTP,,,,38,,,,,,,,
,,,,,,,,,,,,,,,,,,,,,,,,,,,,,,,,Update for Windows Server 2003 (KB2904266),134,2904266,af65890f-f0fb-444f-ae61-da434b54f099,,2904266,3,TRUE,0,FALSE,,http://support.microsoft.com/kb/2904266,http://download.windowsupdate.com/c/msdownload/update/software/uprl/2013/12/windowsserver2003-kb2904266-x86-enu_0207e36c47f946d2dea6f3b06a224ff054642184.exe,134,,,,,VirusScanService,,,,39,,,,,,,,
,,,,,,,,,,,,,,,,,,,,,,,,,,,,,,,,Security Update for Windows Server 2003 (KB2914368),135,MS14-002,a302c640-293e-4fd3-93d6-41e088560132,MS14-002,2914368,1,TRUE,3,FALSE,http://www.microsoft.com/technet/security/bulletin/MS14-002.mspx,http://support.microsoft.com/kb/2914368,http://download.windowsupdate.com/d/msdownload/update/software/secu/2013/12/windowsserver2003-kb2914368-x86-enu_6d337d11cb6dca41c9bc61263607ad0201f781e4.exe,135,,,,,bentservice,,,,40,,,,,,,,
,,,,,,,,,,,,,,,,,,,,,,,,,,,,,,,,Security Update for Windows Server 2003 (KB2916036),136,MS14-005,98fb7ac4-fd16-4e4d-bbc7-aaebbb2a02e4,MS14-005,2916036,1,TRUE,1,FALSE,http://www.microsoft.com/technet/security/bulletin/MS14-005.mspx,http://support.microsoft.com/kb/2916036,http://download.windowsupdate.com/d/msdownload/update/software/secu/2014/01/windowsserver2003-kb2916036-x86-enu_e001786083704ad88e634dca155a7f97c5d3aad9.exe,136,,,,,hwladmin,,,,41,,,,,,,,
,,,,,,,,,,,,,,,,,,,,,,,,,,,,,,,,Security Update for Microsoft .NET Framework 1.1 SP1 on Windows Server 2003 and Windows Server 2003 R2 x86 (KB2898860),137,MS14-009,5999cb32-7ac7-44f3-837a-ef9273cf8bd5,MS14-009,2898860,1,TRUE,3,FALSE,http://www.microsoft.com/technet/security/bulletin/MS14-009.mspx,http://support.microsoft.com/kb/2898860,http://download.windowsupdate.com/c/msdownload/update/software/secu/2013/12/windowsserver2003-kb2898860-x86-enu_61723c06d0615e0c5c1da9efa0a0d2b4317757dc.exe,137,,,,,Service,7,,,,,,,,,,,
,,,,,,,,,,,,,,,,,,,,,,,,,,,,,,,,Security Update for Windows Server 2003 (KB2909213),138,MS14-011,a1f6ea11-0ff4-49c9-be60-eee3a0bc838b,MS14-011,2909213,1,TRUE,2,FALSE,http://www.microsoft.com/technet/security/bulletin/MS14-011.mspx,http://support.microsoft.com/kb/2909213,http://download.windowsupdate.com/d/msdownload/update/software/secu/2014/01/windowsserver2003-kb2909213-x86-enu_c92286278c737c9027f69ad9ebb3422329cfa8ba.exe,138,,,,,State,7,,,,,,,,,,,
,,,,,,,,,,,,,,,,,,,,,,,,,,,,,,,,Security Update for Windows Server 2003 (KB2929961),139,MS14-013,4a502085-9054-4947-986b-f40f7461251d,MS14-013,2929961,1,TRUE,4,FALSE,http://www.microsoft.com/technet/security/bulletin/MS14-013.mspx,http://support.microsoft.com/kb/2929961,http://download.windowsupdate.com/d/msdownload/update/software/secu/2014/02/windowsserver2003-kb2929961-x86-enu_e52d99d9e3cfe24416b1f258eb250012f5bddd01.exe,139,,,,,Telnet,,,,42,,,,,,,,
,,,,,,,,,,,,,,,,,,,,,,,,,,,,,,,,Security Update for Windows Server 2003 (KB2930275),140,MS14-015,a5499766-a679-4356-9c0a-deba74b1324c,MS14-015,2930275,1,TRUE,3,FALSE,http://www.microsoft.com/technet/security/bulletin/MS14-015.mspx,http://support.microsoft.com/kb/2930275,http://download.windowsupdate.com/c/msdownload/update/software/secu/2014/02/windowsserver2003-kb2930275-x86-enu_3b89e67e1dd21f9de9e0074d00b1a096698fc3d0.exe,140,,,,,Stopped,,,,42,,,,,,,,
,,,,,,,,,,,,,,,,,,,,,,,,,,,,,,,,Security Update for Windows Server 2003 (KB2923392),141,MS14-016,a60a74a9-2bcd-4383-be2b-af85aed2e8e6,MS14-016,2923392,1,TRUE,3,FALSE,http://www.microsoft.com/technet/security/bulletin/MS14-016.mspx,http://support.microsoft.com/kb/2923392,http://download.windowsupdate.com/d/msdownload/update/software/secu/2014/02/windowsserver2003-kb2923392-x86-enu_48844daf9770146e1e754217637e2c815fe8ebff.exe,141,,,,,,,,,,,,,,,,,
,,,,,,,,,,,,,,,,,,,,,,,,,,,,,,,,Security Update for Windows Server 2003 (KB2922229),142,MS14-019,60924111-0656-4f38-bb5c-9feaeffcd0f5,MS14-019,2922229,1,TRUE,3,FALSE,http://www.microsoft.com/technet/security/bulletin/MS14-019.mspx,http://support.microsoft.com/kb/2922229,http://download.windowsupdate.com/c/msdownload/update/software/secu/2014/02/windowsserver2003-kb2922229-x86-enu_b760cad1ee5e53776aa5f58302a6e5f6e90756a1.exe,142,,,,,,,,,,,,,,,,,
,,,,,,,,,,,,,,,,,,,,,,,,,,,,,,,,Security Update for Windows Server 2003 (KB2926765),143,MS14-027,8926da6c-b61b-4179-9b06-2cfe8f5ba112,MS14-027,2926765,1,FALSE,3,FALSE,http://www.microsoft.com/technet/security/bulletin/MS14-027.mspx,http://support.microsoft.com/kb/2926765,http://download.windowsupdate.com/c/msdownload/update/software/secu/2014/04/windowsserver2003-kb2926765-x86-enu_af187ecd088006226e2d441f5b777b76d838ac34.exe,143,,,,,,,,,,,,,,,,,
,,,,,,,,,,,,,,,,,,,,,,,,,,,,,,,,Security Update for Windows Server 2003 (KB2957503),144,MS14-036,d6bb9fca-ce6f-4a89-bcea-353bb4145fab,MS14-036,2957503,1,FALSE,4,FALSE,http://www.microsoft.com/technet/security/bulletin/MS14-036.mspx,http://support.microsoft.com/kb/2957503,http://download.windowsupdate.com/c/msdownload/update/software/secu/2014/05/windowsserver2003-kb2957503-x86-enu_4562206e7e2ea9b0d8786f6dc2fd38a8e738021f.exe,144,,,,,,,,,,,,,,,,,
,,,,,,,,,,,,,,,,,,,,,,,,,,,,,,,,Security Update for Microsoft XML Core Services 6.0 Service Pack 2 (KB2957482),145,MS14-033,c77466a2-762c-4804-b755-76b9585c91ca,MS14-033,2957482,1,FALSE,1,FALSE,http://www.microsoft.com/technet/security/bulletin/MS14-033.mspx,http://support.microsoft.com/kb/2957482,http://download.windowsupdate.com/c/msdownload/update/software/secu/2014/04/msxml6-kb2957482-enu-x86_797cf0a8db70dbf2a930199b6994066de2976179.exe,145,,,,,,,,,,,,,,,,,
,,,,,,,,,,,,,,,,,,,,,,,,,,,,,,,,Security Update for Windows Server 2003 (KB2957509),146,MS14-036,3a7da539-e9ce-4950-b309-b7a0fe5ce310,MS14-036,2957509,1,FALSE,4,FALSE,http://www.microsoft.com/technet/security/bulletin/MS14-036.mspx,http://support.microsoft.com/kb/2957509,http://download.windowsupdate.com/d/msdownload/update/software/secu/2014/05/windowsserver2003-kb2957509-x86-enu_7754d1c80b4a1de9f53da1d63b73016fb74e0c73.exe,146,,,,,,,,,,,,,,,,,
,,,,,,,,,,,,,,,,,,,,,,,,,,,,,,,,Security Update for Windows Server 2003 (KB2961072),147,MS14-040,2164de4f-0849-47bd-8739-aa17590de597,MS14-040,2961072,1,FALSE,3,FALSE,http://www.microsoft.com/technet/security/bulletin/MS14-040.mspx,http://support.microsoft.com/kb/2961072,http://download.windowsupdate.com/d/msdownload/update/software/secu/2014/06/windowsserver2003-kb2961072-x86-enu_84e63d01246d191f5a740b7eb14dd9ab52e91e3a.exe,147,,,,,,,,,,,,,,,,,
,,,,,,,,,,,,,,,,,,,,,,,,,,,,,,,,Security Update for Windows Server 2003 (KB942288),148,942288,410fb181-7330-4484-95f0-89e3d14f9b83,,942288,1,FALSE,0,FALSE,,http://support.microsoft.com/kb/942288,http://download.windowsupdate.com/d/msdownload/update/software/secu/2014/04/windowsserver2003-kb942288-v4-x86-enu_f581d3d69240897490f4dad40da328f1098358ab.exe,148,,,,,,,,,,,,,,,,,
,,,,,,,,,,,,,,,,,,,,,,,,,,,,,,,,Update for Windows Server 2003 (KB2981580),149,2981580,b3ef29ef-9739-482e-8cae-03fa898be7bc,,2981580,3,FALSE,0,FALSE,,http://support.microsoft.com/kb/2981580,http://download.windowsupdate.com/c/msdownload/update/software/uprl/2014/08/windowsserver2003-kb2981580-x86-enu_bbb72ae921ac0258740259d9829ce4ebc1e004bd.exe,149,,,,,,,,,,,,,,,,,
,,,,,,,,,,,,,,,,,,,,,,,,,,,,,,,,Security Update for Windows Server 2003 (KB2993651),150,MS14-045,db55206d-be38-4818-8e19-7352c4dc0a8a,MS14-045,2993651,1,FALSE,3,FALSE,http://www.microsoft.com/technet/security/bulletin/MS14-045.mspx,http://support.microsoft.com/kb/2993651,http://download.windowsupdate.com/d/msdownload/update/software/secu/2014/08/windowsserver2003-kb2993651-x86-enu_6132d5721acedc84ee4879088421bbcfb929ecc9.exe,150,,,,,,,,,,,,,,,,,
,,,,,,,,,,,,,,,,,,,,,,,,,,,,,,,,Security Update for Microsoft .NET Framework 1.1 SP1 on Windows Server 2003 and Windows Server 2003 R2 x86 (KB2972207),151,MS14-053,dd143d33-3274-495b-a81c-ccb4cbeac00c,MS14-053,2972207,1,FALSE,3,FALSE,http://www.microsoft.com/technet/security/bulletin/MS14-053.mspx,http://support.microsoft.com/kb/2972207,http://download.windowsupdate.com/c/msdownload/update/software/secu/2014/09/windowsserver2003-kb2972207-x86-enu_33be765b1a232875d327a79834a1c24e46b54745.exe,151,,,,,,,,,,,,,,,,,
,,,,,,,,,,,,,,,,,,,,,,,,,,,,,,,,Security Update for Windows Server 2003 (KB2993254),152,MS14-062,10e51e4e-4869-4cf3-83f2-564da0cf1b7d,MS14-062,2993254,1,FALSE,3,FALSE,http://www.microsoft.com/technet/security/bulletin/MS14-062.mspx,http://support.microsoft.com/kb/2993254,http://download.windowsupdate.com/d/msdownload/update/software/secu/2014/09/windowsserver2003-kb2993254-x86-enu_f783a93622ed47559ddc32f70f95980e34e88a84.exe,152,,,,,,,,,,,,,,,,,
,,,,,,,,,,,,,,,,,,,,,,,,,,,,,,,,Security Update for Windows Server 2003 (KB2998579),153,MS14-063,e29cce26-a865-4e20-98a8-9ba1d38d6070,MS14-063,2998579,1,FALSE,3,FALSE,http://www.microsoft.com/technet/security/bulletin/MS14-063.mspx,http://support.microsoft.com/kb/2998579,http://download.windowsupdate.com/c/msdownload/update/software/secu/2014/09/windowsserver2003-kb2998579-x86-enu_eb55bf13ec14ace6ace994c67220878751f8e9ec.exe,153,,,,,,,,,,,,,,,,,
,,,,,,,,,,,,,,,,,,,,,,,,,,,,,,,,Security Update for Windows Server 2003 (KB3006226),154,MS14-064,1612ba5f-5a0e-440b-aef5-362b05d595d1,MS14-064,3006226,1,FALSE,4,FALSE,http://www.microsoft.com/technet/security/bulletin/MS14-064.mspx,http://support.microsoft.com/kb/3006226,http://download.windowsupdate.com/c/msdownload/update/software/secu/2014/10/windowsserver2003-kb3006226-x86-enu_179329eba3cd03b03dbc0c9d6dbc85c117b34128.exe,154,,,,,,,,,,,,,,,,,
,,,,,,,,,,,,,,,,,,,,,,,,,,,,,,,,Security Update for Microsoft .NET Framework 1.1 SP1 on Windows Server 2003 and Windows Server 2003 R2 x86 (KB2978114),155,MS14-072,744e01f7-b303-4bf4-ae56-c2771ad5079e,MS14-072,2978114,1,FALSE,3,FALSE,http://www.microsoft.com/technet/security/bulletin/MS14-072.mspx,http://support.microsoft.com/kb/2978114,http://download.windowsupdate.com/d/msdownload/update/software/secu/2014/10/windowsserver2003-kb2978114-x86-enu_204e95c0df1f2be32ecf44738a29804db655c976.exe,155,,,,,,,,,,,,,,,,,
,,,,,,,,,,,,,,,,,,,,,,,,,,,,,,,,Security Update for Windows Server 2003 (KB2989935),156,MS14-070,bf126634-fa16-4573-81c4-33c898bc7edb,MS14-070,2989935,1,FALSE,3,FALSE,http://www.microsoft.com/technet/security/bulletin/MS14-070.mspx,http://support.microsoft.com/kb/2989935,http://download.windowsupdate.com/c/msdownload/update/software/secu/2014/10/windowsserver2003-kb2989935-x86-enu_02089419eee7e9229bd26ca1a6d2baaecbb27201.exe,156,,,,,,,,,,,,,,,,,
,,,,,,,,,,,,,,,,,,,,,,,,,,,,,,,,Security Update for Windows Server 2003 (KB3011780),157,MS14-068,45b5c5a8-d042-48cc-8838-afb6b32a6952,MS14-068,3011780,1,FALSE,4,FALSE,http://www.microsoft.com/technet/security/bulletin/MS14-068.mspx,http://support.microsoft.com/kb/3011780,http://download.windowsupdate.com/c/msdownload/update/software/secu/2014/11/windowsserver2003-kb3011780-x86-enu_d2c89472f95a1338f568311a6139cebdcb56a3c3.exe,157,,,,,,,,,,,,,,,,,
,,,,,,,,,,,,,,,,,,,,,,,,,,,,,,,,Security Update for Windows Server 2003 (KB3013126),158,MS14-085,b01f648f-99e2-4cd5-948b-195ff76418d3,MS14-085,3013126,1,FALSE,3,FALSE,http://www.microsoft.com/technet/security/bulletin/MS14-085.mspx,http://support.microsoft.com/kb/3013126,http://download.windowsupdate.com/c/msdownload/update/software/secu/2014/11/windowsserver2003-kb3013126-x86-enu_05c1f4f7e095e8e8eeedadfc1e0254a4d5d8867e.exe,158,,,,,,,,,,,,,,,,,
,,,,,,,,,,,,,,,,,,,,,,,,,,,,,,,,Security Update for Windows Server 2003 (KB3019215),159,MS15-008,10f38930-5b79-4042-a4be-31452c2de054,MS15-008,3019215,1,FALSE,3,FALSE,http://www.microsoft.com/technet/security/bulletin/MS15-008.mspx,http://support.microsoft.com/kb/3019215,http://download.windowsupdate.com/c/msdownload/update/software/secu/2015/01/windowsserver2003-kb3019215-x86-enu_1cd0c43d53eeb8b46f216263119f50b22e5cc7d3.exe,159,,,,,,,,,,,,,,,,,
,,,,,,,,,,,,,,,,,,,,,,,,,,,,,,,,Security Update for Windows Server 2003 (KB3020393),160,MS15-002,57594b69-2586-498b-ad3d-bbf6b630048e,MS15-002,3020393,1,FALSE,4,FALSE,http://www.microsoft.com/technet/security/bulletin/MS15-002.mspx,http://support.microsoft.com/kb/3020393,http://download.windowsupdate.com/d/msdownload/update/software/secu/2014/12/windowsserver2003-kb3020393-x86-enu_14a4a4eef6b3783c6672ced37adcd2ebee65c13e.exe,160,,,,,,,,,,,,,,,,,
,,,,,,,,,,,,,,,,,,,,,,,,,,,,,,,,Security Update for Windows Server 2003 (KB3021674),161,MS15-003,472c9afb-3a75-465a-85fb-5e197aa27dc5,MS15-003,3021674,1,FALSE,3,FALSE,http://www.microsoft.com/technet/security/bulletin/MS15-003.mspx,http://support.microsoft.com/kb/3021674,http://download.windowsupdate.com/d/msdownload/update/software/secu/2014/12/windowsserver2003-kb3021674-x86-enu_1a0b36899bbc2aafd5b17db0dd6adcbda4adc0a3.exe,161,,,,,,,,,,,,,,,,,
,,,,,,,,,,,,,,,,,,,,,,,,,,,,,,,,Security Update for Windows Server 2003 (KB3014029),162,MS15-007,5b3ae4b9-3c0a-4926-bcbb-15fadfa9c5e1,MS15-007,3014029,1,FALSE,3,FALSE,http://www.microsoft.com/technet/security/bulletin/MS15-007.mspx,http://support.microsoft.com/kb/3014029,http://download.windowsupdate.com/c/msdownload/update/software/secu/2015/01/windowsserver2003-kb3014029-x86-enu_0c811f7e5ff15c7da4a06c9f14f3f32040967d69.exe,162,,,,,,,,,,,,,,,,,
,,,,,,,,,,,,,,,,,,,,,,,,,,,,,,,,Security Update for Windows Server 2003 (KB3023562),163,MS15-010,562dc25c-d769-464f-bac6-fa26703e6e14,MS15-010,3023562,1,FALSE,3,FALSE,http://www.microsoft.com/technet/security/bulletin/MS15-010.mspx,http://support.microsoft.com/kb/3023562,http://download.windowsupdate.com/c/msdownload/update/software/secu/2015/01/windowsserver2003-kb3023562-x86-enu_68cb878eb4f17d52e0b37bc0e07e40599ebbe9d4.exe,163,,,,,,,,,,,,,,,,,
,,,,,,,,,,,,,,,,,,,,,,,,,,,,,,,,Security Update for Windows Server 2003 (KB3004361),164,MS15-014,abd1de1b-31fe-46c2-b607-bb1d3d45cf81,MS15-014,3004361,1,FALSE,3,FALSE,http://www.microsoft.com/technet/security/bulletin/MS15-014.mspx,http://support.microsoft.com/kb/3004361,http://download.windowsupdate.com/c/msdownload/update/software/secu/2014/12/windowsserver2003-kb3004361-x86-enu_82711f3b6c8a9983eff86b9aee1e85ed0c2049b2.exe,164,,,,,,,,,,,,,,,,,
,,,,,,,,,,,,,,,,,,,,,,,,,,,,,,,,Security Update for Windows Server 2003 (KB3029944),165,MS15-016,316e6d51-c2c7-4e94-9ca7-f8c8d6a526af,MS15-016,3029944,1,FALSE,3,FALSE,http://www.microsoft.com/technet/security/bulletin/MS15-016.mspx,http://support.microsoft.com/kb/3029944,http://download.windowsupdate.com/c/msdownload/update/software/secu/2015/01/windowsserver2003-kb3029944-x86-enu_035a704beba77d562cf0c1cc3e73521c8d32b227.exe,165,,,,,,,,,,,,,,,,,
,,,,,,,,,,,,,,,,,,,,,,,,,,,,,,,,Security Update for Windows Server 2003 (KB3033889),166,MS15-020,49854906-12f8-426a-82ab-5d343f924451,MS15-020,3033889,1,FALSE,4,FALSE,http://www.microsoft.com/technet/security/bulletin/MS15-020.mspx,http://support.microsoft.com/kb/3033889,http://download.windowsupdate.com/c/msdownload/update/software/secu/2015/02/windowsserver2003-kb3033889-x86-enu_2236e727fd3d5505fb7af6073a9a56ee45916acb.exe,166,,,,,,,,,,,,,,,,,
,,,,,,,,,,,,,,,,,,,,,,,,,,,,,,,,Security Update for Windows Server 2003 (KB3039066),167,MS15-020,50cba085-5e3a-4c26-a77d-785ad55fe271,MS15-020,3039066,1,FALSE,4,FALSE,http://www.microsoft.com/technet/security/bulletin/MS15-020.mspx,http://support.microsoft.com/kb/3039066,http://download.windowsupdate.com/d/msdownload/update/software/secu/2015/02/windowsserver2003-kb3039066-x86-enu_6bda4fe99b3a77e3120bab7c3f2ea6a38275516d.exe,167,,,,,,,,,,,,,,,,,
,,,,,,,,,,,,,,,,,,,,,,,,,,,,,,,,Security Update for Windows Server 2003 (KB3032323),168,MS15-021,2d42ac3a-1139-4c30-a170-9b6ce47180f3,MS15-021,3032323,1,FALSE,4,FALSE,http://www.microsoft.com/technet/security/bulletin/MS15-021.mspx,http://support.microsoft.com/kb/3032323,http://download.windowsupdate.com/d/msdownload/update/software/secu/2015/02/windowsserver2003-kb3032323-x86-enu_112c98b39c06c02286fbf52cb11eaf0e5dc653a9.exe,168,,,,,,,,,,,,,,,,,
,,,,,,,,,,,,,,,,,,,,,,,,,,,,,,,,Security Update for Windows Server 2003 (KB3035132),169,MS15-024,3d4ccbd5-4919-4ed0-b2e6-7764741e4c1e,MS15-024,3035132,1,FALSE,3,FALSE,http://www.microsoft.com/technet/security/bulletin/MS15-024.mspx,http://support.microsoft.com/kb/3035132,http://download.windowsupdate.com/d/msdownload/update/software/secu/2015/02/windowsserver2003-kb3035132-x86-enu_b738834fbea35a09f54fa1476aa4a4b11824603f.exe,169,,,,,,,,,,,,,,,,,
,,,,,,,,,,,,,,,,,,,,,,,,,,,,,,,,Security Update for Windows Server 2003 (KB3002657),170,MS15-027,9d58c8e7-abc0-415d-9a52-e5bbf6202f47,MS15-027,3002657,1,FALSE,3,FALSE,http://www.microsoft.com/technet/security/bulletin/MS15-027.mspx,http://support.microsoft.com/kb/3002657,http://download.windowsupdate.com/d/msdownload/update/software/secu/2015/03/windowsserver2003-kb3002657-v2-x86-enu_90a224ab62325cf7c59245e8e52353e648e787e8.exe,170,,,,,,,,,,,,,,,,,
,,,,,,,,,,,,,,,,,,,,,,,,,,,,,,,,Security Update for Windows Server 2003 (KB3050995),171,3050995,cfc1739b-1fb2-4ee7-802b-b87c08428235,,3050995,1,FALSE,0,FALSE,,http://support.microsoft.com/kb/3050995,http://download.windowsupdate.com/d/msdownload/update/software/secu/2015/03/rvkroots_3f2ce4676450c06f109b5b4e68bec252873ccc21.exe,171,,,,,,,,,,,,,,,,,
,,,,,,,,,,,,,,,,,,,,,,,,,,,,,,,,Security Update for Microsoft .NET Framework 1.1 SP1 on Windows Server 2003 and Windows Server 2003 R2 x86 (KB2894845),172,2894845,42914f6e-f560-451a-9704-31168f2a7d3f,,2894845,1,FALSE,0,FALSE,,http://support.microsoft.com/kb/2894845,http://download.windowsupdate.com/d/msdownload/update/software/secu/2014/08/windowsserver2003-kb2894845-x86-enu_045f30403d396acfffbcf7e37d60d435548fcc1c.exe,172,,,,,,,,,,,,,,,,,
,,,,,,,,,,,,,,,,,,,,,,,,,,,,,,,,Security Update for Windows Server 2003 (KB3045999),173,MS15-038,b0c38bc6-c192-4e28-8da9-e2d309aaf759,MS15-038,3045999,1,FALSE,3,FALSE,http://www.microsoft.com/technet/security/bulletin/MS15-038.mspx,http://support.microsoft.com/kb/3045999,http://download.windowsupdate.com/d/msdownload/update/software/secu/2015/03/windowsserver2003-kb3045999-x86-enu_c4d12a0867963abd74cac8e6c8f2f57cb8b019cc.exe,173,,,,,,,,,,,,,,,,,
,,,,,,,,,,,,,,,,,,,,,,,,,,,,,,,,Security Update for Windows Server 2003 (KB3046482),174,MS15-039,a044dd3a-05e7-4309-9cb0-6baf95563219,MS15-039,3046482,1,FALSE,3,FALSE,http://www.microsoft.com/technet/security/bulletin/MS15-039.mspx,http://support.microsoft.com/kb/3046482,http://download.windowsupdate.com/c/msdownload/update/software/secu/2015/03/windowsserver2003-kb3046482-x86-enu_4b9c72780391b90545268469ee9644a2cd53e44b.exe,174,,,,,,,,,,,,,,,,,
,,,,,,,,,,,,,,,,,,,,,,,,,,,,,,,,Security Update for Microsoft .NET Framework 1.1 SP1 on Windows Server 2003 and Windows Server 2003 R2 x86 (KB3037572),175,MS15-041,be6b6c74-3e31-465f-8bd7-ac39092159ed,MS15-041,3037572,1,FALSE,3,FALSE,http://www.microsoft.com/technet/security/bulletin/MS15-041.mspx,http://support.microsoft.com/kb/3037572,http://download.windowsupdate.com/d/msdownload/update/software/secu/2015/03/windowsserver2003-kb3037572-x86-enu_62050d03ac0972e8a4f688a63b6806f6f51a185a.exe,175,,,,,,,,,,,,,,,,,
,,,,,,,,,,,,,,,,,,,,,,,,,,,,,,,,Security Update for Windows Server 2003 (KB3046306),176,MS15-035,e1234a97-6613-4e39-989f-1a90318f63ea,MS15-035,3046306,1,FALSE,4,FALSE,http://www.microsoft.com/technet/security/bulletin/MS15-035.mspx,http://support.microsoft.com/kb/3046306,http://download.windowsupdate.com/d/msdownload/update/software/secu/2015/03/windowsserver2003-kb3046306-x86-enu_9bde6c9018679bb8b49b8c2532f115e5b3ecbd45.exe,176,,,,,,,,,,,,,,,,,
,,,,,,,,,,,,,,,,,,,,,,,,,,,,,,,,Windows Malicious Software Removal Tool - May 2015 (KB890830),177,890830,fc80f48a-e180-4182-abc4-0f5a4c71f533,,890830,3,FALSE,0,FALSE,,http://support.microsoft.com/kb/890830,http://download.windowsupdate.com/d/msdownload/update/software/uprl/2015/05/windows-kb890830-v5.24_8a39c8c4af7a7141c895d8ca06de66e6fad95b14.exe,177,,,,,,,,,,,,,,,,,
,,,,,,,,,,,,,,,,,,,,,,,,,,,,,,,,Security Update for Windows Server 2003 (KB3061518),178,MS15-055,9d6c0c68-0c4d-4879-991e-0b74b6a90db4,MS15-055,3061518,1,FALSE,3,FALSE,http://www.microsoft.com/technet/security/bulletin/MS15-055.mspx,http://support.microsoft.com/kb/3061518,http://download.windowsupdate.com/c/msdownload/update/software/secu/2015/05/windowsserver2003-kb3061518-x86-enu_0efbf6de928a5c87617da7a92b9ef9bfbfd3ed76.exe,178,,,,,,,,,,,,,,,,,
,,,,,,,,,,,,,,,,,,,,,,,,,,,,,,,,Security Update for Windows Server 2003 (KB3045171),179,MS15-044,47e6e3c2-cc93-477a-ba66-8b9c8cc2794a,MS15-044,3045171,1,FALSE,4,FALSE,http://www.microsoft.com/technet/security/bulletin/MS15-044.mspx,http://support.microsoft.com/kb/3045171,http://download.windowsupdate.com/c/msdownload/update/software/secu/2015/04/windowsserver2003-kb3045171-x86-enu_1efaa58a56c7a1657d52368fc03c848a0df02065.exe,179,,,,,,,,,,,,,,,,,
,,,,,,,,,,,,,,,,,,,,,,,,,,,,,,,,Security Update for Windows Server 2003 (KB3050946),180,MS15-053,5d266c38-6486-4002-ab70-6c0554e1175f,MS15-053,3050946,1,FALSE,3,FALSE,http://www.microsoft.com/technet/security/bulletin/MS15-053.mspx,http://support.microsoft.com/kb/3050946,http://download.windowsupdate.com/c/msdownload/update/software/secu/2015/04/windowsserver2003-kb3050946-x86-enu_4939ef095cdf5822429cf2a2e722228aa6edbe8d.exe,180,,,,,,,,,,,,,,,,,
,,,,,,,,,,,,,,,,,,,,,,,,,,,,,,,,Security Update for Microsoft .NET Framework 1.1 SP1 on Windows Server 2003 and Windows Server 2003 R2 x86 (KB3023211),181,MS15-048,54c82110-3ab2-452d-945a-cec70a635b4a,MS15-048,3023211,1,FALSE,3,FALSE,http://www.microsoft.com/technet/security/bulletin/MS15-048.mspx,http://support.microsoft.com/kb/3023211,http://download.windowsupdate.com/d/msdownload/update/software/secu/2015/04/windowsserver2003-kb3023211-x86-enu_cd136f67f32778499a4f2e9a9b0d21e8a28ed7fc.exe,181,,,,,,,,,,,,,,,,,
,,,,,,,,,,,,,,,,,,,,,,,,,,,,,,,,Cumulative Security Update for Internet Explorer 6 for Windows Server 2003 (KB3049563),182,MS15-043,27759434-2814-4c6f-9acb-ae6d3f802e43,MS15-043,3049563,1,FALSE,2,FALSE,http://www.microsoft.com/technet/security/bulletin/MS15-043.mspx,http://support.microsoft.com/kb/3049563,http://download.windowsupdate.com/c/msdownload/update/software/secu/2015/04/windowsserver2003-kb3049563-x86-enu_550fe90c0e2ba3588fab4d7ef6f31c6a02fd6532.exe,182,,,,,,,,,,,,,,,,,
